case,case_index,case_count,Vv,tip_deflection,case_dir,passed,vtail_input_vsp3_path,vtail_output_vsp3_path,vtail_vtail_name,vtail_wing_reference_source,vtail_vv_target,vtail_vv_actual,vtail_xcg,vtail_lv_original,vtail_lv_actual,vtail_wing_area,vtail_wing_span,vtail_wing_section_area,vtail_wing_section_span,vtail_vtail_area_scale_mode,vtail_area_ratio,vtail_span_scale,vtail_chord_scale,vtail_scale,vtail_area_before,vtail_area_target,vtail_area_after,vtail_span_before,vtail_span_after,vtail_aspect_ratio_before,vtail_aspect_ratio_after,vtail_x_ac_original,vtail_x_ac_target,vtail_x_ac_before_shift,vtail_x_ac_after,vtail_x_shift,vtail_x_location_original,vtail_x_location_before_shift,vtail_x_location_after,vsp3_path,wing_dihedral_update_count,stab_path,vspaero_passed,vspaero_wall_elapsed_s,vspaero_read_vsp3_elapsed_s,vspaero_compute_geometry_elapsed_s,vspaero_compute_geometry_analysis_duration_s,vspaero_vspaero_sweep_elapsed_s,vspaero_vspaero_sweep_analysis_duration_s,vspaero_result_extraction_elapsed_s,vspaero_total_elapsed_s,Gamma_eff_rad,Gamma_eff_deg,CL_alpha,Cl_beta,Cn_beta,CY_beta,CY_p,CY_r,Cl_p,Cl_r,Cn_p,Cn_r,Cl_delta_r,Cn_delta_r,CY_delta_r,spiral_margin,beta_per_delta_r_yaw_static,delta_r_per_beta_yaw_static,p_hat_per_delta_r_beta_only,control_column_delta_a,control_column_delta_e,control_column_delta_r,control_groups,Sref,Bref,Cref,Xcg,Ycg,Zcg,AoA_deg,Beta_deg,Mach,Rho,Vinf,turn_trim_mode,turn_trim_passed,coupled_gain_matrix_det,coupled_gain_solved,beta_per_delta_r_coupled,p_hat_per_delta_r_coupled,r_hat_per_delta_r_coupled,elapsed_s
vv_0p00050_wtip_0p12500,1,42,0.0005,0.125,vv_gamma_cases\vv_0p00050_wtip_0p12500,True,C:\Users\mtkbirdman\OneDrive\Documents\OpenVSP\examples\models\BRGlider\BRGlider.0G.vsp3,vv_gamma_cases\vv_0p00050_wtip_0p12500\vv_0p00050_wtip_0p12500_vtail.vsp3,VTailGeom,vspaero_reference_wing,0.0005,0.0005000000000000001,1.4,4.514999999999999,4.514999999999999,18.0,27.0,9.0,13.5,fixed_aspect_ratio,0.13455149501661134,0.36681261567265017,0.36681261567265017,0.36681261567265017,0.4,0.053820598006644536,0.05382059800664455,0.8,0.29345009253812016,1.6000000000000003,1.6,5.914999999999999,5.914999999999999,5.772532838526346,5.914999999999999,0.14246716147365301,5.6899999999999995,5.6899999999999995,5.8324671614736525,vv_gamma_cases\vv_0p00050_wtip_0p12500\vv_0p00050_wtip_0p12500.vsp3,4,vv_gamma_cases\vv_0p00050_wtip_0p12500\vv_0p00050_wtip_0p12500.stab,True,237.49307720002253,0.14801119995536283,0.2667649000068195,0.267,237.07475779997185,237.074,0.0008368999697268009,237.4922949000029,0.012469136262569888,0.7144288820187836,6.0029488,-0.015884,-0.0015844,0.0144677,-0.0470451,0.0129192,-0.7718087,0.2224592,-0.0875338,-0.006666,0.0014853,-0.0006182,0.0044952,0.00045834710048,-0.3901792476647311,-2.5629246198641216,0.0099544189770167,ConGrp_1,ConGrp_2,ConGrp_3,"{'ConGrp_1': 'AILERON_GROUP', 'ConGrp_2': 'ELEVATOR_GROUP', 'ConGrp_3': 'RUDDER_GROUP'}",18.0,27.0,0.625,1.4,0.0,0.0,0.0,0.0,0.0,1.225,10.0,none,,0.000379887082837978,True,-0.2864565281985161,0.00014921255797144338,-0.026612574096794447,237.9294673000113
vv_0p00050_wtip_0p37500,2,42,0.0005,0.375,vv_gamma_cases\vv_0p00050_wtip_0p37500,True,C:\Users\mtkbirdman\OneDrive\Documents\OpenVSP\examples\models\BRGlider\BRGlider.0G.vsp3,vv_gamma_cases\vv_0p00050_wtip_0p37500\vv_0p00050_wtip_0p37500_vtail.vsp3,VTailGeom,vspaero_reference_wing,0.0005,0.0005000000000000001,1.4,4.514999999999999,4.514999999999999,18.0,27.0,9.0,13.5,fixed_aspect_ratio,0.13455149501661134,0.36681261567265017,0.36681261567265017,0.36681261567265017,0.4,0.053820598006644536,0.05382059800664455,0.8,0.29345009253812016,1.6000000000000003,1.6,5.914999999999999,5.914999999999999,5.772532838526346,5.914999999999999,0.14246716147365301,5.6899999999999995,5.6899999999999995,5.8324671614736525,vv_gamma_cases\vv_0p00050_wtip_0p37500\vv_0p00050_wtip_0p37500.vsp3,4,vv_gamma_cases\vv_0p00050_wtip_0p37500\vv_0p00050_wtip_0p37500.stab,True,232.00035439996282,0.14996159996371716,0.274397500033956,0.274,231.57232959999237,231.572,0.0007878000033088028,231.99960919999285,0.033387296018234716,1.9129511511987876,5.9984297,-0.0424989,-0.0050708,0.0103628,-0.1010322,0.0287734,-0.7728176,0.2230545,-0.0876295,-0.0066805,0.0014512,-0.0006176,0.0045977,0.00141497866005,-0.12179537745523389,-8.210492227979275,0.008575593473715193,ConGrp_1,ConGrp_2,ConGrp_3,"{'ConGrp_1': 'AILERON_GROUP', 'ConGrp_2': 'ELEVATOR_GROUP', 'ConGrp_3': 'RUDDER_GROUP'}",18.0,27.0,0.625,1.4,0.0,0.0,0.0,0.0,0.0,1.225,10.0,none,,0.00039341181042559315,True,-0.27744612759954335,0.010705291028440315,-0.022277595441201403,232.44236629997613
vv_0p00050_wtip_0p62500,3,42,0.0005,0.625,vv_gamma_cases\vv_0p00050_wtip_0p62500,True,C:\Users\mtkbirdman\OneDrive\Documents\OpenVSP\examples\models\BRGlider\BRGlider.0G.vsp3,vv_gamma_cases\vv_0p00050_wtip_0p62500\vv_0p00050_wtip_0p62500_vtail.vsp3,VTailGeom,vspaero_reference_wing,0.0005,0.0005000000000000001,1.4,4.514999999999999,4.514999999999999,18.0,27.0,9.0,13.5,fixed_aspect_ratio,0.13455149501661134,0.36681261567265017,0.36681261567265017,0.36681261567265017,0.4,0.053820598006644536,0.05382059800664455,0.8,0.29345009253812016,1.6000000000000003,1.6,5.914999999999999,5.914999999999999,5.772532838526346,5.914999999999999,0.14246716147365301,5.6899999999999995,5.6899999999999995,5.8324671614736525,vv_gamma_cases\vv_0p00050_wtip_0p62500\vv_0p00050_wtip_0p62500.vsp3,4,vv_gamma_cases\vv_0p00050_wtip_0p62500\vv_0p00050_wtip_0p62500.stab,True,223.66347950004274,0.16660029999911785,0.2843264000257477,0.284,223.2089932000381,223.209,0.0008290000259876251,223.66262389998883,0.055117256205143225,3.157986158895955,5.994753,-0.0701161,-0.0086469,0.0020247,-0.1550622,0.0446923,-0.7737408,0.223519,-0.0876789,-0.0066842,0.0015915,-0.0006172,0.0047263,0.0024014164767200002,-0.07137818177612786,-14.009883344134803,0.008525154329761541,ConGrp_1,ConGrp_2,ConGrp_3,"{'ConGrp_1': 'AILERON_GROUP', 'ConGrp_2': 'ELEVATOR_GROUP', 'ConGrp_3': 'RUDDER_GROUP'}",18.0,27.0,0.625,1.4,0.0,0.0,0.0,0.0,0.0,1.225,10.0,none,,0.0003982631612644961,True,-0.2742711267334608,0.021450415575469492,-0.018903359631439763,224.1400919999578
vv_0p00050_wtip_0p87500,4,42,0.0005,0.875,vv_gamma_cases\vv_0p00050_wtip_0p87500,True,C:\Users\mtkbirdman\OneDrive\Documents\OpenVSP\examples\models\BRGlider\BRGlider.0G.vsp3,vv_gamma_cases\vv_0p00050_wtip_0p87500\vv_0p00050_wtip_0p87500_vtail.vsp3,VTailGeom,vspaero_reference_wing,0.0005,0.0005000000000000001,1.4,4.514999999999999,4.514999999999999,18.0,27.0,9.0,13.5,fixed_aspect_ratio,0.13455149501661134,0.36681261567265017,0.36681261567265017,0.36681261567265017,0.4,0.053820598006644536,0.05382059800664455,0.8,0.29345009253812016,1.6000000000000003,1.6,5.914999999999999,5.914999999999999,5.772532838526346,5.914999999999999,0.14246716147365301,5.6899999999999995,5.6899999999999995,5.8324671614736525,vv_gamma_cases\vv_0p00050_wtip_0p87500\vv_0p00050_wtip_0p87500.vsp3,4,vv_gamma_cases\vv_0p00050_wtip_0p87500\vv_0p00050_wtip_0p87500.stab,True,225.02578629995696,0.15146860003005713,0.2774794999859296,0.277,224.59320909995586,224.593,0.0009071999811567366,225.02498509996803,0.07797859154532408,4.467844187921593,5.9874588,-0.0990779,-0.0109547,-0.0107526,-0.2091027,0.0606124,-0.7745798,0.2237896,-0.0876249,-0.0067462,0.0014314,-0.0006116,0.004802,0.0031199472600999998,-0.05582991775219769,-17.911543492478742,0.008989275227756348,ConGrp_1,ConGrp_2,ConGrp_3,"{'ConGrp_1': 'AILERON_GROUP', 'ConGrp_2': 'ELEVATOR_GROUP', 'ConGrp_3': 'RUDDER_GROUP'}",18.0,27.0,0.625,1.4,0.0,0.0,0.0,0.0,0.0,1.225,10.0,none,,0.0003972528316680096,True,-0.2757484901975057,0.029519114005122308,-0.026306280160805554,225.4908910000231
vv_0p00050_wtip_1p12500,5,42,0.0005,1.125,vv_gamma_cases\vv_0p00050_wtip_1p12500,True,C:\Users\mtkbirdman\OneDrive\Documents\OpenVSP\examples\models\BRGlider\BRGlider.0G.vsp3,vv_gamma_cases\vv_0p00050_wtip_1p12500\vv_0p00050_wtip_1p12500_vtail.vsp3,VTailGeom,vspaero_reference_wing,0.0005,0.0005000000000000001,1.4,4.514999999999999,4.514999999999999,18.0,27.0,9.0,13.5,fixed_aspect_ratio,0.13455149501661134,0.36681261567265017,0.36681261567265017,0.36681261567265017,0.4,0.053820598006644536,0.05382059800664455,0.8,0.29345009253812016,1.6000000000000003,1.6,5.914999999999999,5.914999999999999,5.772532838526346,5.914999999999999,0.14246716147365301,5.6899999999999995,5.6899999999999995,5.8324671614736525,vv_gamma_cases\vv_0p00050_wtip_1p12500\vv_0p00050_wtip_1p12500.vsp3,4,vv_gamma_cases\vv_0p00050_wtip_1p12500\vv_0p00050_wtip_1p12500.stab,True,213.05667440005345,0.14994649996515363,0.26063340000109747,0.26,212.64244079997297,212.642,0.000813000020571053,213.0559047999559,0.09973815498024678,5.714575336789853,5.975759,-0.1264775,-0.0138899,-0.0275205,-0.2631036,0.076513,-0.7752734,0.2239523,-0.0875693,-0.006718,0.0014279,-0.0006139,0.0048999,0.00396035089677,-0.044197582416000115,-22.625671933539664,0.009052161121508431,ConGrp_1,ConGrp_2,ConGrp_3,"{'ConGrp_1': 'AILERON_GROUP', 'ConGrp_2': 'ELEVATOR_GROUP', 'ConGrp_3': 'RUDDER_GROUP'}",18.0,27.0,0.625,1.4,0.0,0.0,0.0,0.0,0.0,1.225,10.0,none,,0.0003824291893360878,True,-0.28575135046689015,0.04044314186876222,-0.027749321285820486,213.5274991999613
vv_0p00050_wtip_1p37500,6,42,0.0005,1.375,vv_gamma_cases\vv_0p00050_wtip_1p37500,True,C:\Users\mtkbirdman\OneDrive\Documents\OpenVSP\examples\models\BRGlider\BRGlider.0G.vsp3,vv_gamma_cases\vv_0p00050_wtip_1p37500\vv_0p00050_wtip_1p37500_vtail.vsp3,VTailGeom,vspaero_reference_wing,0.0005,0.0005000000000000001,1.4,4.514999999999999,4.514999999999999,18.0,27.0,9.0,13.5,fixed_aspect_ratio,0.13455149501661134,0.36681261567265017,0.36681261567265017,0.36681261567265017,0.4,0.053820598006644536,0.05382059800664455,0.8,0.29345009253812016,1.6000000000000003,1.6,5.914999999999999,5.914999999999999,5.772532838526346,5.914999999999999,0.14246716147365301,5.6899999999999995,5.6899999999999995,5.8324671614736525,vv_gamma_cases\vv_0p00050_wtip_1p37500\vv_0p00050_wtip_1p37500.vsp3,4,vv_gamma_cases\vv_0p00050_wtip_1p37500\vv_0p00050_wtip_1p37500.stab,True,211.25277979997918,0.14680380001664162,0.2658394000027329,0.265,210.83663020003587,210.837,0.0007903000223450363,211.25200870004483,0.12253141232443021,7.020532783967131,5.9562941,-0.1548754,-0.0172709,-0.0485859,-0.3170034,0.0923268,-0.7754127,0.2239613,-0.0874759,-0.0067268,0.0014181,-0.0006137,0.0050057,0.00490982905689,-0.035533759097672965,-28.14225191461626,0.008926092071687425,ConGrp_1,ConGrp_2,ConGrp_3,"{'ConGrp_1': 'AILERON_GROUP', 'ConGrp_2': 'ELEVATOR_GROUP', 'ConGrp_3': 'RUDDER_GROUP'}",18.0,27.0,0.625,1.4,0.0,0.0,0.0,0.0,0.0,1.225,10.0,none,,0.0003655329065389653,True,-0.29911275047679703,0.0540441212514521,-0.026061685195068393,211.73687700001756
vv_0p00050_wtip_1p62500,7,42,0.0005,1.625,vv_gamma_cases\vv_0p00050_wtip_1p62500,True,C:\Users\mtkbirdman\OneDrive\Documents\OpenVSP\examples\models\BRGlider\BRGlider.0G.vsp3,vv_gamma_cases\vv_0p00050_wtip_1p62500\vv_0p00050_wtip_1p62500_vtail.vsp3,VTailGeom,vspaero_reference_wing,0.0005,0.0005000000000000001,1.4,4.514999999999999,4.514999999999999,18.0,27.0,9.0,13.5,fixed_aspect_ratio,0.13455149501661134,0.36681261567265017,0.36681261567265017,0.36681261567265017,0.4,0.053820598006644536,0.05382059800664455,0.8,0.29345009253812016,1.6000000000000003,1.6,5.914999999999999,5.914999999999999,5.772532838526346,5.914999999999999,0.14246716147365301,5.6899999999999995,5.6899999999999995,5.8324671614736525,vv_gamma_cases\vv_0p00050_wtip_1p62500\vv_0p00050_wtip_1p62500.vsp3,4,vv_gamma_cases\vv_0p00050_wtip_1p62500\vv_0p00050_wtip_1p62500.stab,True,207.26863559999038,0.1517071999842301,0.2630903000244871,0.263,206.85028010001406,206.85,0.0008153000380843878,207.2678436000133,0.14455006765560938,8.282108804996927,5.9379203,-0.1821426,-0.0203888,-0.0735496,-0.3708118,0.1081071,-0.7755593,0.2238669,-0.0873254,-0.0067358,0.0014672,-0.0006126,0.0051246,0.0057912535758,-0.03004590755709017,-33.28240287300032,0.008948174203839799,ConGrp_1,ConGrp_2,ConGrp_3,"{'ConGrp_1': 'AILERON_GROUP', 'ConGrp_2': 'ELEVATOR_GROUP', 'ConGrp_3': 'RUDDER_GROUP'}",18.0,27.0,0.625,1.4,0.0,0.0,0.0,0.0,0.0,1.225,10.0,none,,0.00033544917262563165,True,-0.3247238479224196,0.07077383877017057,-0.025568483271478534,207.75254519999726
vv_0p00150_wtip_0p12500,8,42,0.0015,0.125,vv_gamma_cases\vv_0p00150_wtip_0p12500,True,C:\Users\mtkbirdman\OneDrive\Documents\OpenVSP\examples\models\BRGlider\BRGlider.0G.vsp3,vv_gamma_cases\vv_0p00150_wtip_0p12500\vv_0p00150_wtip_0p12500_vtail.vsp3,VTailGeom,vspaero_reference_wing,0.0015,0.0014999999999999998,1.4,4.514999999999999,4.514999999999999,18.0,27.0,9.0,13.5,fixed_aspect_ratio,0.403654485049834,0.6353380872022658,0.6353380872022658,0.6353380872022658,0.4,0.1614617940199336,0.16146179401993357,0.8,0.5082704697618127,1.6000000000000003,1.6,5.914999999999999,5.914999999999999,5.83295106962051,5.914999999999999,0.08204893037948935,5.6899999999999995,5.6899999999999995,5.772048930379489,vv_gamma_cases\vv_0p00150_wtip_0p12500\vv_0p00150_wtip_0p12500.vsp3,4,vv_gamma_cases\vv_0p00150_wtip_0p12500\vv_0p00150_wtip_0p12500.stab,True,221.6269433000125,0.14542549999896437,0.27763020002748817,0.277,221.2001053999993,221.199,0.0007908999687060714,221.62607880000724,0.013444812146310024,0.7703309923297902,5.9981541,-0.0171132,0.0010308,-0.0021514,-0.0464849,0.0186495,-0.7717991,0.2226937,-0.0876233,-0.007589,0.0020482,-0.0025872,0.0165129,-9.968059115999999e-05,2.5098952270081494,0.39842300556586263,-0.05299842795727005,ConGrp_1,ConGrp_2,ConGrp_3,"{'ConGrp_1': 'AILERON_GROUP', 'ConGrp_2': 'ELEVATOR_GROUP', 'ConGrp_3': 'RUDDER_GROUP'}",18.0,27.0,0.625,1.4,0.0,0.0,0.0,0.0,0.0,1.225,10.0,none,,-1.641319399782326e-05,True,24.639411353176968,0.07471171926623027,2.143183269478738,222.08849799999734
vv_0p00150_wtip_0p37500,9,42,0.0015,0.375,vv_gamma_cases\vv_0p00150_wtip_0p37500,True,C:\Users\mtkbirdman\OneDrive\Documents\OpenVSP\examples\models\BRGlider\BRGlider.0G.vsp3,vv_gamma_cases\vv_0p00150_wtip_0p37500\vv_0p00150_wtip_0p37500_vtail.vsp3,VTailGeom,vspaero_reference_wing,0.0015,0.0014999999999999998,1.4,4.514999999999999,4.514999999999999,18.0,27.0,9.0,13.5,fixed_aspect_ratio,0.403654485049834,0.6353380872022658,0.6353380872022658,0.6353380872022658,0.4,0.1614617940199336,0.16146179401993357,0.8,0.5082704697618127,1.6000000000000003,1.6,5.914999999999999,5.914999999999999,5.83295106962051,5.914999999999999,0.08204893037948935,5.6899999999999995,5.6899999999999995,5.772048930379489,vv_gamma_cases\vv_0p00150_wtip_0p37500\vv_0p00150_wtip_0p37500.vsp3,4,vv_gamma_cases\vv_0p00150_wtip_0p37500\vv_0p00150_wtip_0p37500.stab,True,200.53454269998474,0.1478664000169374,0.30607699998654425,0.306,200.07711360004032,200.077,0.00088900001719594,200.53375220001908,0.035947170491503554,2.0596211546003667,5.9986158,-0.0457588,-0.0023494,-0.0065821,-0.1004664,0.0344882,-0.7727966,0.2232872,-0.0877183,-0.0075999,0.0019355,-0.0025859,0.0166358,0.0008723532518000001,-1.1006639993189749,-0.9085424803743379,0.06767701075811812,ConGrp_1,ConGrp_2,ConGrp_3,"{'ConGrp_1': 'AILERON_GROUP', 'ConGrp_2': 'ELEVATOR_GROUP', 'ConGrp_3': 'RUDDER_GROUP'}",18.0,27.0,0.625,1.4,0.0,0.0,0.0,0.0,0.0,1.225,10.0,none,,-4.120540523703481e-06,True,98.35981237553551,-3.3923297670688632,8.407604970011915,201.02132800000254
vv_0p00150_wtip_0p62500,10,42,0.0015,0.625,vv_gamma_cases\vv_0p00150_wtip_0p62500,True,C:\Users\mtkbirdman\OneDrive\Documents\OpenVSP\examples\models\BRGlider\BRGlider.0G.vsp3,vv_gamma_cases\vv_0p00150_wtip_0p62500\vv_0p00150_wtip_0p62500_vtail.vsp3,VTailGeom,vspaero_reference_wing,0.0015,0.0014999999999999998,1.4,4.514999999999999,4.514999999999999,18.0,27.0,9.0,13.5,fixed_aspect_ratio,0.403654485049834,0.6353380872022658,0.6353380872022658,0.6353380872022658,0.4,0.1614617940199336,0.16146179401993357,0.8,0.5082704697618127,1.6000000000000003,1.6,5.914999999999999,5.914999999999999,5.83295106962051,5.914999999999999,0.08204893037948935,5.6899999999999995,5.6899999999999995,5.772048930379489,vv_gamma_cases\vv_0p00150_wtip_0p62500\vv_0p00150_wtip_0p62500.vsp3,4,vv_gamma_cases\vv_0p00150_wtip_0p62500\vv_0p00150_wtip_0p62500.stab,True,217.2529027000419,0.14967489999253303,0.26879230001941323,0.269,216.8306891999673,216.83,0.0008491000044159591,217.25187179999193,0.05585124252454451,3.2000404772179896,5.9925067,-0.0710232,-0.0059928,-0.0145658,-0.1544936,0.0504182,-0.7737332,0.2237278,-0.0877674,-0.0076015,0.0019324,-0.0025719,0.0167635,0.00188063881464,-0.42916499799759705,-2.330106147206346,0.041891793561117614,ConGrp_1,ConGrp_2,ConGrp_3,"{'ConGrp_1': 'AILERON_GROUP', 'ConGrp_2': 'ELEVATOR_GROUP', 'ConGrp_3': 'RUDDER_GROUP'}",18.0,27.0,0.625,1.4,0.0,0.0,0.0,0.0,0.0,1.225,10.0,none,,-6.34325493105874e-07,True,639.2758074740083,-47.13650305550032,39.916379562333944,217.73135990003357
vv_0p00150_wtip_0p87500,11,42,0.0015,0.875,vv_gamma_cases\vv_0p00150_wtip_0p87500,True,C:\Users\mtkbirdman\OneDrive\Documents\OpenVSP\examples\models\BRGlider\BRGlider.0G.vsp3,vv_gamma_cases\vv_0p00150_wtip_0p87500\vv_0p00150_wtip_0p87500_vtail.vsp3,VTailGeom,vspaero_reference_wing,0.0015,0.0014999999999999998,1.4,4.514999999999999,4.514999999999999,18.0,27.0,9.0,13.5,fixed_aspect_ratio,0.403654485049834,0.6353380872022658,0.6353380872022658,0.6353380872022658,0.4,0.1614617940199336,0.16146179401993357,0.8,0.5082704697618127,1.6000000000000003,1.6,5.914999999999999,5.914999999999999,5.83295106962051,5.914999999999999,0.08204893037948935,5.6899999999999995,5.6899999999999995,5.772048930379489,vv_gamma_cases\vv_0p00150_wtip_0p87500\vv_0p00150_wtip_0p87500.vsp3,4,vv_gamma_cases\vv_0p00150_wtip_0p87500\vv_0p00150_wtip_0p87500.stab,True,219.06110940000508,0.14826250000623986,0.26921189995482564,0.269,218.64026969997212,218.64,0.000804100011009723,219.0603702000226,0.07788959709584226,4.462745181566195,5.9907848,-0.0990198,-0.008381,-0.0272398,-0.2085286,0.0663528,-0.7745413,0.224027,-0.0877133,-0.0076649,0.002095,-0.0025817,0.0169286,0.0026365471520200003,-0.30804199976136504,-3.2463105705542854,0.04208588645688799,ConGrp_1,ConGrp_2,ConGrp_3,"{'ConGrp_1': 'AILERON_GROUP', 'ConGrp_2': 'ELEVATOR_GROUP', 'ConGrp_3': 'RUDDER_GROUP'}",18.0,27.0,0.625,1.4,0.0,0.0,0.0,0.0,0.0,1.225,10.0,none,,-1.6144240515706421e-06,True,251.1947953522524,-25.90577528975648,21.45308612973034,219.54362439998658
vv_0p00150_wtip_1p12500,12,42,0.0015,1.125,vv_gamma_cases\vv_0p00150_wtip_1p12500,True,C:\Users\mtkbirdman\OneDrive\Documents\OpenVSP\examples\models\BRGlider\BRGlider.0G.vsp3,vv_gamma_cases\vv_0p00150_wtip_1p12500\vv_0p00150_wtip_1p12500_vtail.vsp3,VTailGeom,vspaero_reference_wing,0.0015,0.0014999999999999998,1.4,4.514999999999999,4.514999999999999,18.0,27.0,9.0,13.5,fixed_aspect_ratio,0.403654485049834,0.6353380872022658,0.6353380872022658,0.6353380872022658,0.4,0.1614617940199336,0.16146179401993357,0.8,0.5082704697618127,1.6000000000000003,1.6,5.914999999999999,5.914999999999999,5.83295106962051,5.914999999999999,0.08204893037948935,5.6899999999999995,5.6899999999999995,5.772048930379489,vv_gamma_cases\vv_0p00150_wtip_1p12500\vv_0p00150_wtip_1p12500.vsp3,4,vv_gamma_cases\vv_0p00150_wtip_1p12500\vv_0p00150_wtip_1p12500.stab,True,192.70353140000952,0.14868889999343082,0.2811545000295155,0.281,192.27020610001637,192.27,0.0007973000174388289,192.70274400000926,0.10029620144391727,5.746549043930372,5.9734823,-0.1271367,-0.0112711,-0.0439361,-0.2625298,0.0822655,-0.7752411,0.2241922,-0.0876587,-0.0076353,0.0020273,-0.0025794,0.0170366,0.00349761955093,-0.2288507776525805,-4.369659610762192,0.040145746482201254,ConGrp_1,ConGrp_2,ConGrp_3,"{'ConGrp_1': 'AILERON_GROUP', 'ConGrp_2': 'ELEVATOR_GROUP', 'ConGrp_3': 'RUDDER_GROUP'}",18.0,27.0,0.625,1.4,0.0,0.0,0.0,0.0,0.0,1.225,10.0,none,,-7.288725019132503e-06,True,55.46693024137036,-7.608638438205017,5.135441543825751,193.17667650000658
vv_0p00150_wtip_1p37500,13,42,0.0015,1.375,vv_gamma_cases\vv_0p00150_wtip_1p37500,True,C:\Users\mtkbirdman\OneDrive\Documents\OpenVSP\examples\models\BRGlider\BRGlider.0G.vsp3,vv_gamma_cases\vv_0p00150_wtip_1p37500\vv_0p00150_wtip_1p37500_vtail.vsp3,VTailGeom,vspaero_reference_wing,0.0015,0.0014999999999999998,1.4,4.514999999999999,4.514999999999999,18.0,27.0,9.0,13.5,fixed_aspect_ratio,0.403654485049834,0.6353380872022658,0.6353380872022658,0.6353380872022658,0.4,0.1614617940199336,0.16146179401993357,0.8,0.5082704697618127,1.6000000000000003,1.6,5.914999999999999,5.914999999999999,5.83295106962051,5.914999999999999,0.08204893037948935,5.6899999999999995,5.6899999999999995,5.772048930379489,vv_gamma_cases\vv_0p00150_wtip_1p37500\vv_0p00150_wtip_1p37500.vsp3,4,vv_gamma_cases\vv_0p00150_wtip_1p37500\vv_0p00150_wtip_1p37500.stab,True,188.9981245000381,0.14692590001504868,0.2761373999528587,0.276,188.57159719994524,188.572,0.0008622999885119498,188.99729440000374,0.1220970558000487,6.9956459883161,5.9569661,-0.1543438,-0.0145618,-0.0643934,-0.3164179,0.0980509,-0.7753791,0.2242262,-0.0875646,-0.007634,0.0020593,-0.0025793,0.0171962,0.004443397648359999,-0.1771278276037303,-5.645640290001163,0.03791420480395284,ConGrp_1,ConGrp_2,ConGrp_3,"{'ConGrp_1': 'AILERON_GROUP', 'ConGrp_2': 'ELEVATOR_GROUP', 'ConGrp_3': 'RUDDER_GROUP'}",18.0,27.0,0.625,1.4,0.0,0.0,0.0,0.0,0.0,1.225,10.0,none,,-2.142887632801675e-05,True,18.837768716662826,-3.2976403253555198,1.5542881235689385,189.4590836999705
vv_0p00150_wtip_1p62500,14,42,0.0015,1.625,vv_gamma_cases\vv_0p00150_wtip_1p62500,True,C:\Users\mtkbirdman\OneDrive\Documents\OpenVSP\examples\models\BRGlider\BRGlider.0G.vsp3,vv_gamma_cases\vv_0p00150_wtip_1p62500\vv_0p00150_wtip_1p62500_vtail.vsp3,VTailGeom,vspaero_reference_wing,0.0015,0.0014999999999999998,1.4,4.514999999999999,4.514999999999999,18.0,27.0,9.0,13.5,fixed_aspect_ratio,0.403654485049834,0.6353380872022658,0.6353380872022658,0.6353380872022658,0.4,0.1614617940199336,0.16146179401993357,0.8,0.5082704697618127,1.6000000000000003,1.6,5.914999999999999,5.914999999999999,5.83295106962051,5.914999999999999,0.08204893037948935,5.6899999999999995,5.6899999999999995,5.772048930379489,vv_gamma_cases\vv_0p00150_wtip_1p62500\vv_0p00150_wtip_1p62500.vsp3,4,vv_gamma_cases\vv_0p00150_wtip_1p62500\vv_0p00150_wtip_1p62500.stab,True,180.25258100003703,0.14712989999679849,0.2634569000219926,0.263,179.83851819997653,179.839,0.0008262000046670437,180.25183779996587,0.144211296385936,8.262698641024354,5.9390174,-0.1817493,-0.0178145,-0.08937,-0.370226,0.1138406,-0.7755272,0.2241059,-0.0874153,-0.0076449,0.0020444,-0.0025762,0.0173209,0.00538178977912,-0.14461253473294225,-6.915029888983775,0.036526928983197426,ConGrp_1,ConGrp_2,ConGrp_3,"{'ConGrp_1': 'AILERON_GROUP', 'ConGrp_2': 'ELEVATOR_GROUP', 'ConGrp_3': 'RUDDER_GROUP'}",18.0,27.0,0.625,1.4,0.0,0.0,0.0,0.0,0.0,1.225,10.0,none,,-5.228226119409703e-05,True,7.692594328951803,-1.64432200107674,0.5393110894336957,180.71306919999188
vv_0p00250_wtip_0p12500,15,42,0.0025,0.125,vv_gamma_cases\vv_0p00250_wtip_0p12500,True,C:\Users\mtkbirdman\OneDrive\Documents\OpenVSP\examples\models\BRGlider\BRGlider.0G.vsp3,vv_gamma_cases\vv_0p00250_wtip_0p12500\vv_0p00250_wtip_0p12500_vtail.vsp3,VTailGeom,vspaero_reference_wing,0.0025,0.0024999999999999996,1.4,4.514999999999999,4.514999999999999,18.0,27.0,9.0,13.5,fixed_aspect_ratio,0.6727574750830565,0.8202179436485504,0.8202179436485504,0.8202179436485504,0.4,0.26910299003322263,0.26910299003322263,0.8,0.6561743549188404,1.6000000000000003,1.6000000000000003,5.914999999999999,5.914999999999999,5.874549037320923,5.914999999999999,0.040450962679075886,5.6899999999999995,5.6899999999999995,5.730450962679075,vv_gamma_cases\vv_0p00250_wtip_0p12500\vv_0p00250_wtip_0p12500.vsp3,4,vv_gamma_cases\vv_0p00250_wtip_0p12500\vv_0p00250_wtip_0p12500.stab,True,210.16399000003003,0.14947820000816137,0.2720108000212349,0.272,209.73873189999722,209.739,0.0009078000439330935,210.16315210005268,0.013014237835033369,0.7456609015268857,5.9992243,-0.0165681,0.0041502,-0.0182473,-0.0461839,0.0243814,-0.7718056,0.2226741,-0.0876853,-0.0086341,0.0021018,-0.0047645,0.0284675,-0.00078109141761,1.1480169630379258,0.8710672683387555,-0.021920882467435655,ConGrp_1,ConGrp_2,ConGrp_3,"{'ConGrp_1': 'AILERON_GROUP', 'ConGrp_2': 'ELEVATOR_GROUP', 'ConGrp_3': 'RUDDER_GROUP'}",18.0,27.0,0.625,1.4,0.0,0.0,0.0,0.0,0.0,1.225,10.0,none,,-0.00040043606180391637,True,1.746964126731142,0.01228584359833241,0.16312790413438893,210.63491150003392
vv_0p00250_wtip_0p37500,16,42,0.0025,0.375,vv_gamma_cases\vv_0p00250_wtip_0p37500,True,C:\Users\mtkbirdman\OneDrive\Documents\OpenVSP\examples\models\BRGlider\BRGlider.0G.vsp3,vv_gamma_cases\vv_0p00250_wtip_0p37500\vv_0p00250_wtip_0p37500_vtail.vsp3,VTailGeom,vspaero_reference_wing,0.0025,0.0024999999999999996,1.4,4.514999999999999,4.514999999999999,18.0,27.0,9.0,13.5,fixed_aspect_ratio,0.6727574750830565,0.8202179436485504,0.8202179436485504,0.8202179436485504,0.4,0.26910299003322263,0.26910299003322263,0.8,0.6561743549188404,1.6000000000000003,1.6000000000000003,5.914999999999999,5.914999999999999,5.874549037320923,5.914999999999999,0.040450962679075886,5.6899999999999995,5.6899999999999995,5.730450962679075,vv_gamma_cases\vv_0p00250_wtip_0p37500\vv_0p00250_wtip_0p37500.vsp3,4,vv_gamma_cases\vv_0p00250_wtip_0p37500\vv_0p00250_wtip_0p37500.stab,True,222.81334699998843,0.1500559999840334,0.29036749998340383,0.29,222.36864990001777,222.368,0.0009648000122979283,222.8125203999807,0.03306645967446749,1.894568582786517,5.9991985,-0.0420959,0.0006201,-0.022252,-0.1001627,0.0401835,-0.7728011,0.2232733,-0.0877822,-0.0086421,0.0022118,-0.0047625,0.028579,0.00022534520406,7.680212868892116,0.1302047244094488,-0.4154932917507436,ConGrp_1,ConGrp_2,ConGrp_3,"{'ConGrp_1': 'AILERON_GROUP', 'ConGrp_2': 'ELEVATOR_GROUP', 'ConGrp_3': 'RUDDER_GROUP'}",18.0,27.0,0.625,1.4,0.0,0.0,0.0,0.0,0.0,1.225,10.0,none,,-0.0003944224874994762,True,1.7744848992220321,-0.05495447278667238,0.13444447611828308,223.30710589996306
vv_0p00250_wtip_0p62500,17,42,0.0025,0.625,vv_gamma_cases\vv_0p00250_wtip_0p62500,True,C:\Users\mtkbirdman\OneDrive\Documents\OpenVSP\examples\models\BRGlider\BRGlider.0G.vsp3,vv_gamma_cases\vv_0p00250_wtip_0p62500\vv_0p00250_wtip_0p62500_vtail.vsp3,VTailGeom,vspaero_reference_wing,0.0025,0.0024999999999999996,1.4,4.514999999999999,4.514999999999999,18.0,27.0,9.0,13.5,fixed_aspect_ratio,0.6727574750830565,0.8202179436485504,0.8202179436485504,0.8202179436485504,0.4,0.26910299003322263,0.26910299003322263,0.8,0.6561743549188404,1.6000000000000003,1.6000000000000003,5.914999999999999,5.914999999999999,5.874549037320923,5.914999999999999,0.040450962679075886,5.6899999999999995,5.6899999999999995,5.730450962679075,vv_gamma_cases\vv_0p00250_wtip_0p62500\vv_0p00250_wtip_0p62500.vsp3,4,vv_gamma_cases\vv_0p00250_wtip_0p62500\vv_0p00250_wtip_0p62500.stab,True,215.12534739996772,0.16804789996240288,0.32527530001243576,0.325,214.62790969997877,214.628,0.0008649000083096325,215.1243567999918,0.05554304683149583,3.1823821647421906,5.9922027,-0.0706277,-0.0030465,-0.0308309,-0.1541876,0.0561105,-0.7737316,0.2237067,-0.0878327,-0.0086444,0.0020669,-0.0047607,0.0286569,0.00129205655143,-1.562678483505662,-0.6399269015060811,0.1453156199507592,ConGrp_1,ConGrp_2,ConGrp_3,"{'ConGrp_1': 'AILERON_GROUP', 'ConGrp_2': 'ELEVATOR_GROUP', 'ConGrp_3': 'RUDDER_GROUP'}",18.0,27.0,0.625,1.4,0.0,0.0,0.0,0.0,0.0,1.225,10.0,none,,-0.0003969658421684442,True,1.7616833441070772,-0.12618375370436657,0.11052143308584833,215.5983931000228
vv_0p00250_wtip_0p87500,18,42,0.0025,0.875,vv_gamma_cases\vv_0p00250_wtip_0p87500,True,C:\Users\mtkbirdman\OneDrive\Documents\OpenVSP\examples\models\BRGlider\BRGlider.0G.vsp3,vv_gamma_cases\vv_0p00250_wtip_0p87500\vv_0p00250_wtip_0p87500_vtail.vsp3,VTailGeom,vspaero_reference_wing,0.0025,0.0024999999999999996,1.4,4.514999999999999,4.514999999999999,18.0,27.0,9.0,13.5,fixed_aspect_ratio,0.6727574750830565,0.8202179436485504,0.8202179436485504,0.8202179436485504,0.4,0.26910299003322263,0.26910299003322263,0.8,0.6561743549188404,1.6000000000000003,1.6000000000000003,5.914999999999999,5.914999999999999,5.874549037320923,5.914999999999999,0.040450962679075886,5.6899999999999995,5.6899999999999995,5.730450962679075,vv_gamma_cases\vv_0p00250_wtip_0p87500\vv_0p00250_wtip_0p87500.vsp3,4,vv_gamma_cases\vv_0p00250_wtip_0p87500\vv_0p00250_wtip_0p87500.stab,True,213.5062260000268,0.150852799997665,0.2879240000038408,0.288,213.0638036999735,213.063,0.0008849999867379665,213.50541189999785,0.07763548088594058,4.448185395232969,5.9880202,-0.0986512,-0.0053851,-0.0429392,-0.2082274,0.0720397,-0.7745653,0.2240044,-0.0877796,-0.0087066,0.0022564,-0.0047592,0.0288687,0.00206520263236,-0.8837718891014094,-1.131513699781476,0.11547323045083605,ConGrp_1,ConGrp_2,ConGrp_3,"{'ConGrp_1': 'AILERON_GROUP', 'ConGrp_2': 'ELEVATOR_GROUP', 'ConGrp_3': 'RUDDER_GROUP'}",18.0,27.0,0.625,1.4,0.0,0.0,0.0,0.0,0.0,1.225,10.0,none,,-0.0003805104209961749,True,1.8406819517642559,-0.18358183406003575,0.1657689089438607,213.98988269997062
vv_0p00250_wtip_1p12500,19,42,0.0025,1.125,vv_gamma_cases\vv_0p00250_wtip_1p12500,True,C:\Users\mtkbirdman\OneDrive\Documents\OpenVSP\examples\models\BRGlider\BRGlider.0G.vsp3,vv_gamma_cases\vv_0p00250_wtip_1p12500\vv_0p00250_wtip_1p12500_vtail.vsp3,VTailGeom,vspaero_reference_wing,0.0025,0.0024999999999999996,1.4,4.514999999999999,4.514999999999999,18.0,27.0,9.0,13.5,fixed_aspect_ratio,0.6727574750830565,0.8202179436485504,0.8202179436485504,0.8202179436485504,0.4,0.26910299003322263,0.26910299003322263,0.8,0.6561743549188404,1.6000000000000003,1.6000000000000003,5.914999999999999,5.914999999999999,5.874549037320923,5.914999999999999,0.040450962679075886,5.6899999999999995,5.6899999999999995,5.730450962679075,vv_gamma_cases\vv_0p00250_wtip_1p12500\vv_0p00250_wtip_1p12500.vsp3,4,vv_gamma_cases\vv_0p00250_wtip_1p12500\vv_0p00250_wtip_1p12500.stab,True,191.98606049997034,0.15271160000702366,0.2938074000412598,0.293,191.53561939997599,191.536,0.000937500037252903,191.9851064000395,0.0999474732080625,5.726568387818852,5.9784448,-0.1267999,-0.0083157,-0.0597769,-0.2622268,0.0879362,-0.7752557,0.2241945,-0.0877245,-0.0086744,0.0022717,-0.0047529,0.0289478,0.00296424725621,-0.5715574154911793,-1.7496055040080793,0.09641350992780832,ConGrp_1,ConGrp_2,ConGrp_3,"{'ConGrp_1': 'AILERON_GROUP', 'ConGrp_2': 'ELEVATOR_GROUP', 'ConGrp_3': 'RUDDER_GROUP'}",18.0,27.0,0.625,1.4,0.0,0.0,0.0,0.0,0.0,1.225,10.0,none,,-0.00038909246787991055,True,1.790596927161315,-0.24073906614884164,0.1701267339733824,192.45307980000507
vv_0p00250_wtip_1p37500,20,42,0.0025,1.375,vv_gamma_cases\vv_0p00250_wtip_1p37500,True,C:\Users\mtkbirdman\OneDrive\Documents\OpenVSP\examples\models\BRGlider\BRGlider.0G.vsp3,vv_gamma_cases\vv_0p00250_wtip_1p37500\vv_0p00250_wtip_1p37500_vtail.vsp3,VTailGeom,vspaero_reference_wing,0.0025,0.0024999999999999996,1.4,4.514999999999999,4.514999999999999,18.0,27.0,9.0,13.5,fixed_aspect_ratio,0.6727574750830565,0.8202179436485504,0.8202179436485504,0.8202179436485504,0.4,0.26910299003322263,0.26910299003322263,0.8,0.6561743549188404,1.6000000000000003,1.6000000000000003,5.914999999999999,5.914999999999999,5.874549037320923,5.914999999999999,0.040450962679075886,5.6899999999999995,5.6899999999999995,5.730450962679075,vv_gamma_cases\vv_0p00250_wtip_1p37500\vv_0p00250_wtip_1p37500.vsp3,4,vv_gamma_cases\vv_0p00250_wtip_1p37500\vv_0p00250_wtip_1p37500.stab,True,189.87350499996683,0.15061840001726523,0.31381630001123995,0.313,189.40538009995362,189.405,0.0008335000020451844,189.87258329999167,0.12260084698206195,7.0245110968013655,5.9591091,-0.1550364,-0.0117724,-0.0805121,-0.31611,0.1036633,-0.7753997,0.2241919,-0.0876332,-0.0086658,0.0021335,-0.0047439,0.0290423,0.00398279115868,-0.4029679589548435,-2.481586879993255,0.08332244863095342,ConGrp_1,ConGrp_2,ConGrp_3,"{'ConGrp_1': 'AILERON_GROUP', 'ConGrp_2': 'ELEVATOR_GROUP', 'ConGrp_3': 'RUDDER_GROUP'}",18.0,27.0,0.625,1.4,0.0,0.0,0.0,0.0,0.0,1.225,10.0,none,,-0.00040165785123642605,True,1.7312908444668942,-0.301160263552318,0.14612491293717036,190.37969989998965
vv_0p00250_wtip_1p62500,21,42,0.0025,1.625,vv_gamma_cases\vv_0p00250_wtip_1p62500,True,C:\Users\mtkbirdman\OneDrive\Documents\OpenVSP\examples\models\BRGlider\BRGlider.0G.vsp3,vv_gamma_cases\vv_0p00250_wtip_1p62500\vv_0p00250_wtip_1p62500_vtail.vsp3,VTailGeom,vspaero_reference_wing,0.0025,0.0024999999999999996,1.4,4.514999999999999,4.514999999999999,18.0,27.0,9.0,13.5,fixed_aspect_ratio,0.6727574750830565,0.8202179436485504,0.8202179436485504,0.8202179436485504,0.4,0.26910299003322263,0.26910299003322263,0.8,0.6561743549188404,1.6000000000000003,1.6000000000000003,5.914999999999999,5.914999999999999,5.874549037320923,5.914999999999999,0.040450962679075886,5.6899999999999995,5.6899999999999995,5.730450962679075,vv_gamma_cases\vv_0p00250_wtip_1p62500\vv_0p00250_wtip_1p62500.vsp3,4,vv_gamma_cases\vv_0p00250_wtip_1p62500\vv_0p00250_wtip_1p62500.stab,True,181.24802060000366,0.16037160000996664,0.28647420002380386,0.286,180.79753560002428,180.797,0.0009329000022262335,181.2471716,0.1448537257607861,8.299507132838492,5.9361431,-0.1824706,-0.0148881,-0.1053506,-0.3699301,0.1194549,-0.7755669,0.2240729,-0.0874818,-0.0086755,0.0020651,-0.0047422,0.0291495,0.00491904343279,-0.31852284710607803,-3.1394922188014,0.07760278968217227,ConGrp_1,ConGrp_2,ConGrp_3,"{'ConGrp_1': 'AILERON_GROUP', 'ConGrp_2': 'ELEVATOR_GROUP', 'ConGrp_3': 'RUDDER_GROUP'}",18.0,27.0,0.625,1.4,0.0,0.0,0.0,0.0,0.0,1.225,10.0,none,,-0.00042672666893311495,True,1.6241410326869958,-0.34309351006847183,0.12585599911944848,181.70580309996149
vv_0p00350_wtip_0p12500,22,42,0.0035,0.125,vv_gamma_cases\vv_0p00350_wtip_0p12500,True,C:\Users\mtkbirdman\OneDrive\Documents\OpenVSP\examples\models\BRGlider\BRGlider.0G.vsp3,vv_gamma_cases\vv_0p00350_wtip_0p12500\vv_0p00350_wtip_0p12500_vtail.vsp3,VTailGeom,vspaero_reference_wing,0.0035,0.0035,1.4,4.514999999999999,4.514999999999999,18.0,27.0,9.0,13.5,fixed_aspect_ratio,0.9418604651162793,0.9704949588309458,0.9704949588309458,0.9704949588309458,0.4,0.3767441860465117,0.3767441860465117,0.8,0.7763959670647567,1.6000000000000003,1.5999999999999999,5.914999999999999,5.914999999999999,5.908361365736963,5.914999999999999,0.006638634263036458,5.6899999999999995,5.6899999999999995,5.696638634263036,vv_gamma_cases\vv_0p00350_wtip_0p12500\vv_0p00350_wtip_0p12500.vsp3,4,vv_gamma_cases\vv_0p00350_wtip_0p12500\vv_0p00350_wtip_0p12500.stab,True,228.47207449999405,0.15352450002683327,0.26615270000183955,0.266,228.04881720000412,228.048,0.000882200023625046,228.47125559998676,0.01324929196016658,0.7591285108541587,5.9991384,-0.0168671,0.0072849,-0.0374735,-0.046002,0.0310537,-0.7718543,0.2227453,-0.0877172,-0.0097334,0.0025607,-0.0070854,0.04216,-0.0014585030048300002,0.97261458633612,1.0281564908120924,-0.01793665914563146,ConGrp_1,ConGrp_2,ConGrp_3,"{'ConGrp_1': 'AILERON_GROUP', 'ConGrp_2': 'ELEVATOR_GROUP', 'ConGrp_3': 'RUDDER_GROUP'}",18.0,27.0,0.625,1.4,0.0,0.0,0.0,0.0,0.0,1.225,10.0,none,,-0.0008602469182511671,True,1.2033013765527458,0.007456314106270301,0.10545988065080704,228.92628780001542
vv_0p00350_wtip_0p37500,23,42,0.0035,0.375,vv_gamma_cases\vv_0p00350_wtip_0p37500,True,C:\Users\mtkbirdman\OneDrive\Documents\OpenVSP\examples\models\BRGlider\BRGlider.0G.vsp3,vv_gamma_cases\vv_0p00350_wtip_0p37500\vv_0p00350_wtip_0p37500_vtail.vsp3,VTailGeom,vspaero_reference_wing,0.0035,0.0035,1.4,4.514999999999999,4.514999999999999,18.0,27.0,9.0,13.5,fixed_aspect_ratio,0.9418604651162793,0.9704949588309458,0.9704949588309458,0.9704949588309458,0.4,0.3767441860465117,0.3767441860465117,0.8,0.7763959670647567,1.6000000000000003,1.5999999999999999,5.914999999999999,5.914999999999999,5.908361365736963,5.914999999999999,0.006638634263036458,5.6899999999999995,5.6899999999999995,5.696638634263036,vv_gamma_cases\vv_0p00350_wtip_0p37500\vv_0p00350_wtip_0p37500.vsp3,4,vv_gamma_cases\vv_0p00350_wtip_0p37500\vv_0p00350_wtip_0p37500.stab,True,213.02861259999918,0.15371079999022186,0.3451661000144668,0.345,212.52576400002,212.525,0.0012032999657094479,213.02776999998605,0.034827412522579405,1.9954637489048719,5.9991829,-0.0443376,0.0037116,-0.0411748,-0.0999769,0.0468325,-0.7728429,0.2233741,-0.0878157,-0.0097415,0.0025843,-0.0070932,0.0422782,-0.00039716057915999993,1.911089557064339,0.523261715445779,-0.10629433788587024,ConGrp_1,ConGrp_2,ConGrp_3,"{'ConGrp_1': 'AILERON_GROUP', 'ConGrp_2': 'ELEVATOR_GROUP', 'ConGrp_3': 'RUDDER_GROUP'}",18.0,27.0,0.625,1.4,0.0,0.0,0.0,0.0,0.0,1.225,10.0,none,,-0.0008406898569979932,True,1.2324948778625364,-0.039410108414072595,0.09671552082659417,213.51952279999387
vv_0p00350_wtip_0p62500,24,42,0.0035,0.625,vv_gamma_cases\vv_0p00350_wtip_0p62500,True,C:\Users\mtkbirdman\OneDrive\Documents\OpenVSP\examples\models\BRGlider\BRGlider.0G.vsp3,vv_gamma_cases\vv_0p00350_wtip_0p62500\vv_0p00350_wtip_0p62500_vtail.vsp3,VTailGeom,vspaero_reference_wing,0.0035,0.0035,1.4,4.514999999999999,4.514999999999999,18.0,27.0,9.0,13.5,fixed_aspect_ratio,0.9418604651162793,0.9704949588309458,0.9704949588309458,0.9704949588309458,0.4,0.3767441860465117,0.3767441860465117,0.8,0.7763959670647567,1.6000000000000003,1.5999999999999999,5.914999999999999,5.914999999999999,5.908361365736963,5.914999999999999,0.006638634263036458,5.6899999999999995,5.6899999999999995,5.696638634263036,vv_gamma_cases\vv_0p00350_wtip_0p62500\vv_0p00350_wtip_0p62500.vsp3,4,vv_gamma_cases\vv_0p00350_wtip_0p62500\vv_0p00350_wtip_0p62500.stab,True,221.2026808000519,0.14760319999186322,0.2733165000099689,0.274,220.7783400999615,220.779,0.0008147999760694802,221.2019100000034,0.056275829201782084,3.224367501861186,5.9977884,-0.0716262,3.2e-05,-0.0496312,-0.1540054,0.0627697,-0.7737768,0.2238139,-0.0878655,-0.0097427,0.0025969,-0.0070862,0.0424842,0.0006906705339400001,221.44375000000002,0.004515819480116282,-20.495028315982076,ConGrp_1,ConGrp_2,ConGrp_3,"{'ConGrp_1': 'AILERON_GROUP', 'ConGrp_2': 'ELEVATOR_GROUP', 'ConGrp_3': 'RUDDER_GROUP'}",18.0,27.0,0.625,1.4,0.0,0.0,0.0,0.0,0.0,1.225,10.0,none,,-0.0008472163006327509,True,1.224723269311088,-0.08846317541164438,0.07450216918819155,221.6851362999878
vv_0p00350_wtip_0p87500,25,42,0.0035,0.875,vv_gamma_cases\vv_0p00350_wtip_0p87500,True,C:\Users\mtkbirdman\OneDrive\Documents\OpenVSP\examples\models\BRGlider\BRGlider.0G.vsp3,vv_gamma_cases\vv_0p00350_wtip_0p87500\vv_0p00350_wtip_0p87500_vtail.vsp3,VTailGeom,vspaero_reference_wing,0.0035,0.0035,1.4,4.514999999999999,4.514999999999999,18.0,27.0,9.0,13.5,fixed_aspect_ratio,0.9418604651162793,0.9704949588309458,0.9704949588309458,0.9704949588309458,0.4,0.3767441860465117,0.3767441860465117,0.8,0.7763959670647567,1.6000000000000003,1.5999999999999999,5.914999999999999,5.914999999999999,5.908361365736963,5.914999999999999,0.006638634263036458,5.6899999999999995,5.6899999999999995,5.696638634263036,vv_gamma_cases\vv_0p00350_wtip_0p87500\vv_0p00350_wtip_0p87500.vsp3,4,vv_gamma_cases\vv_0p00350_wtip_0p87500\vv_0p00350_wtip_0p87500.stab,True,224.3183383999858,0.14696509996429086,0.27812850003829226,0.278,223.88955629995326,223.889,0.0008944000001065433,224.31746009999188,0.07832060837195486,4.487440308609995,5.9894107,-0.0995449,-0.0023402,-0.0623084,-0.208049,0.0786847,-0.7746191,0.2240955,-0.0878124,-0.0098059,0.002593,-0.0070847,0.0425588,0.0015005556240100001,-3.027390821297325,-0.33031744463421175,0.39239197247648566,ConGrp_1,ConGrp_2,ConGrp_3,"{'ConGrp_1': 'AILERON_GROUP', 'ConGrp_2': 'ELEVATOR_GROUP', 'ConGrp_3': 'RUDDER_GROUP'}",18.0,27.0,0.625,1.4,0.0,0.0,0.0,0.0,0.0,1.225,10.0,none,,-0.0008420547722316662,True,1.2303743617368303,-0.12497040128450053,0.1029919522347302,224.79554699995788
vv_0p00350_wtip_1p12500,26,42,0.0035,1.125,vv_gamma_cases\vv_0p00350_wtip_1p12500,True,C:\Users\mtkbirdman\OneDrive\Documents\OpenVSP\examples\models\BRGlider\BRGlider.0G.vsp3,vv_gamma_cases\vv_0p00350_wtip_1p12500\vv_0p00350_wtip_1p12500_vtail.vsp3,VTailGeom,vspaero_reference_wing,0.0035,0.0035,1.4,4.514999999999999,4.514999999999999,18.0,27.0,9.0,13.5,fixed_aspect_ratio,0.9418604651162793,0.9704949588309458,0.9704949588309458,0.9704949588309458,0.4,0.3767441860465117,0.3767441860465117,0.8,0.7763959670647567,1.6000000000000003,1.5999999999999999,5.914999999999999,5.914999999999999,5.908361365736963,5.914999999999999,0.006638634263036458,5.6899999999999995,5.6899999999999995,5.696638634263036,vv_gamma_cases\vv_0p00350_wtip_1p12500\vv_0p00350_wtip_1p12500.vsp3,4,vv_gamma_cases\vv_0p00350_wtip_1p12500\vv_0p00350_wtip_1p12500.stab,True,193.45722869999008,0.15636909997556359,0.2793097000103444,0.279,193.0179657000117,193.018,0.0009048000210896134,193.45641410001554,0.09983512444777223,5.720131278020692,5.9752272,-0.1265892,-0.0052591,-0.0781454,-0.2620435,0.0945654,-0.7752835,0.224294,-0.0877565,-0.0097693,0.0026272,-0.0070733,0.0426519,0.00241627244696,-1.3449639672187257,-0.7435143426689098,0.2229959913232317,ConGrp_1,ConGrp_2,ConGrp_3,"{'ConGrp_1': 'AILERON_GROUP', 'ConGrp_2': 'ELEVATOR_GROUP', 'ConGrp_3': 'RUDDER_GROUP'}",18.0,27.0,0.625,1.4,0.0,0.0,0.0,0.0,0.0,1.225,10.0,none,,-0.0008319004078516177,True,1.239568488115567,-0.16714711813770639,0.11013393354723999,193.93859360000351
vv_0p00350_wtip_1p37500,27,42,0.0035,1.375,vv_gamma_cases\vv_0p00350_wtip_1p37500,True,C:\Users\mtkbirdman\OneDrive\Documents\OpenVSP\examples\models\BRGlider\BRGlider.0G.vsp3,vv_gamma_cases\vv_0p00350_wtip_1p37500\vv_0p00350_wtip_1p37500_vtail.vsp3,VTailGeom,vspaero_reference_wing,0.0035,0.0035,1.4,4.514999999999999,4.514999999999999,18.0,27.0,9.0,13.5,fixed_aspect_ratio,0.9418604651162793,0.9704949588309458,0.9704949588309458,0.9704949588309458,0.4,0.3767441860465117,0.3767441860465117,0.8,0.7763959670647567,1.6000000000000003,1.5999999999999999,5.914999999999999,5.914999999999999,5.908361365736963,5.914999999999999,0.006638634263036458,5.6899999999999995,5.6899999999999995,5.696638634263036,vv_gamma_cases\vv_0p00350_wtip_1p37500\vv_0p00350_wtip_1p37500.vsp3,4,vv_gamma_cases\vv_0p00350_wtip_1p37500\vv_0p00350_wtip_1p37500.stab,True,198.93899789999705,0.15587279997998849,0.26887229998828843,0.268,198.5106382999802,198.511,0.0008564000017940998,198.9380489999894,0.12154394181023764,6.9639548911102835,5.9648287,-0.1538474,-0.0087601,-0.0983454,-0.3159126,0.1102677,-0.7753965,0.2243289,-0.0876674,-0.0097548,0.0027119,-0.0070681,0.0428268,0.00346589421441,-0.8068515199598179,-1.2393854076767448,0.1635858667557386,ConGrp_1,ConGrp_2,ConGrp_3,"{'ConGrp_1': 'AILERON_GROUP', 'ConGrp_2': 'ELEVATOR_GROUP', 'ConGrp_3': 'RUDDER_GROUP'}",18.0,27.0,0.625,1.4,0.0,0.0,0.0,0.0,0.0,1.225,10.0,none,,-0.0008448164422836974,True,1.2170474414587944,-0.2121647758597881,0.08922550736941848,199.4039333999972
vv_0p00350_wtip_1p62500,28,42,0.0035,1.625,vv_gamma_cases\vv_0p00350_wtip_1p62500,True,C:\Users\mtkbirdman\OneDrive\Documents\OpenVSP\examples\models\BRGlider\BRGlider.0G.vsp3,vv_gamma_cases\vv_0p00350_wtip_1p62500\vv_0p00350_wtip_1p62500_vtail.vsp3,VTailGeom,vspaero_reference_wing,0.0035,0.0035,1.4,4.514999999999999,4.514999999999999,18.0,27.0,9.0,13.5,fixed_aspect_ratio,0.9418604651162793,0.9704949588309458,0.9704949588309458,0.9704949588309458,0.4,0.3767441860465117,0.3767441860465117,0.8,0.7763959670647567,1.6000000000000003,1.5999999999999999,5.914999999999999,5.914999999999999,5.908361365736963,5.914999999999999,0.006638634263036458,5.6899999999999995,5.6899999999999995,5.696638634263036,vv_gamma_cases\vv_0p00350_wtip_1p62500\vv_0p00350_wtip_1p62500.vsp3,4,vv_gamma_cases\vv_0p00350_wtip_1p62500\vv_0p00350_wtip_1p62500.stab,True,187.80032790004043,0.1656139999977313,0.28701420000288635,0.287,187.34384069999214,187.344,0.0008873000042513013,187.79952080000658,0.14330063812413243,8.210521766044291,5.9413391,-0.1806722,-0.0118647,-0.1230264,-0.3697345,0.1260599,-0.7755764,0.2241942,-0.0875159,-0.0097655,0.0025355,-0.007065,0.0429097,0.00442435129384,-0.5954638549647273,-1.6793630573248408,0.14198377451526142,ConGrp_1,ConGrp_2,ConGrp_3,"{'ConGrp_1': 'AILERON_GROUP', 'ConGrp_2': 'ELEVATOR_GROUP', 'ConGrp_3': 'RUDDER_GROUP'}",18.0,27.0,0.625,1.4,0.0,0.0,0.0,0.0,0.0,1.225,10.0,none,,-0.0008765805483932282,True,1.1689448592008869,-0.247513542793218,0.074465248965872,188.26261309999973
vv_0p00450_wtip_0p12500,29,42,0.0045000000000000005,0.125,vv_gamma_cases\vv_0p00450_wtip_0p12500,True,C:\Users\mtkbirdman\OneDrive\Documents\OpenVSP\examples\models\BRGlider\BRGlider.0G.vsp3,vv_gamma_cases\vv_0p00450_wtip_0p12500\vv_0p00450_wtip_0p12500_vtail.vsp3,VTailGeom,vspaero_reference_wing,0.0045000000000000005,0.0045000000000000005,1.4,4.514999999999999,4.514999999999999,18.0,27.0,9.0,13.5,fixed_aspect_ratio,1.210963455149502,1.1004378470179503,1.1004378470179503,1.1004378470179503,0.4,0.48438538205980086,0.4843853820598008,0.8,0.8803502776143604,1.6000000000000003,1.6,5.914999999999999,5.914999999999999,5.9375985155790385,5.914999999999999,-0.022598515579039358,5.6899999999999995,5.6899999999999995,5.66740148442096,vv_gamma_cases\vv_0p00450_wtip_0p12500\vv_0p00450_wtip_0p12500.vsp3,4,vv_gamma_cases\vv_0p00450_wtip_0p12500\vv_0p00450_wtip_0p12500.stab,True,219.8160130000324,0.1548332999809645,0.29028209997341037,0.29,219.367279099999,219.367,0.0008126000175252557,219.81516970001394,0.013066166198235422,0.7486361775753858,6.002431,-0.0166431,0.0097709,-0.0520313,-0.0462025,0.0363143,-0.7718987,0.2225058,-0.087684,-0.0106251,0.0017034,-0.0085802,0.0500451,-0.00199724731941,0.8781381448996509,1.138772988974616,-0.01672698886444475,ConGrp_1,ConGrp_2,ConGrp_3,"{'ConGrp_1': 'AILERON_GROUP', 'ConGrp_2': 'ELEVATOR_GROUP', 'ConGrp_3': 'RUDDER_GROUP'}",18.0,27.0,0.625,1.4,0.0,0.0,0.0,0.0,0.0,1.225,10.0,none,,-0.0012072711726887344,True,1.0173941342073956,0.005086019274678456,0.08608802099238021,220.3274967999896
vv_0p00450_wtip_0p37500,30,42,0.0045000000000000005,0.375,vv_gamma_cases\vv_0p00450_wtip_0p37500,True,C:\Users\mtkbirdman\OneDrive\Documents\OpenVSP\examples\models\BRGlider\BRGlider.0G.vsp3,vv_gamma_cases\vv_0p00450_wtip_0p37500\vv_0p00450_wtip_0p37500_vtail.vsp3,VTailGeom,vspaero_reference_wing,0.0045000000000000005,0.0045000000000000005,1.4,4.514999999999999,4.514999999999999,18.0,27.0,9.0,13.5,fixed_aspect_ratio,1.210963455149502,1.1004378470179503,1.1004378470179503,1.1004378470179503,0.4,0.48438538205980086,0.4843853820598008,0.8,0.8803502776143604,1.6000000000000003,1.6,5.914999999999999,5.914999999999999,5.9375985155790385,5.914999999999999,-0.022598515579039358,5.6899999999999995,5.6899999999999995,5.66740148442096,vv_gamma_cases\vv_0p00450_wtip_0p37500\vv_0p00450_wtip_0p37500.vsp3,4,vv_gamma_cases\vv_0p00450_wtip_0p37500\vv_0p00450_wtip_0p37500.stab,True,222.7804533999879,0.14870339998742566,0.3551922999904491,0.355,222.2726864000433,222.272,0.0010406000073999166,222.77967889996944,0.03455095296659741,1.9796237831410428,5.9986307,-0.0439816,0.0062574,-0.0556169,-0.1001886,0.052049,-0.7729033,0.2231327,-0.0877825,-0.0106324,0.001613,-0.0085752,0.0500053,-0.0009286005931399999,1.3704094352286893,0.7297089280716484,-0.07589539288608824,ConGrp_1,ConGrp_2,ConGrp_3,"{'ConGrp_1': 'AILERON_GROUP', 'ConGrp_2': 'ELEVATOR_GROUP', 'ConGrp_3': 'RUDDER_GROUP'}",18.0,27.0,0.625,1.4,0.0,0.0,0.0,0.0,0.0,1.225,10.0,none,,-0.0011867815386835292,True,1.0347639447823542,-0.033640578675783746,0.08020635093563921,223.26166919997195
vv_0p00450_wtip_0p62500,31,42,0.0045000000000000005,0.625,vv_gamma_cases\vv_0p00450_wtip_0p62500,True,C:\Users\mtkbirdman\OneDrive\Documents\OpenVSP\examples\models\BRGlider\BRGlider.0G.vsp3,vv_gamma_cases\vv_0p00450_wtip_0p62500\vv_0p00450_wtip_0p62500_vtail.vsp3,VTailGeom,vspaero_reference_wing,0.0045000000000000005,0.0045000000000000005,1.4,4.514999999999999,4.514999999999999,18.0,27.0,9.0,13.5,fixed_aspect_ratio,1.210963455149502,1.1004378470179503,1.1004378470179503,1.1004378470179503,0.4,0.48438538205980086,0.4843853820598008,0.8,0.8803502776143604,1.6000000000000003,1.6,5.914999999999999,5.914999999999999,5.9375985155790385,5.914999999999999,-0.022598515579039358,5.6899999999999995,5.6899999999999995,5.66740148442096,vv_gamma_cases\vv_0p00450_wtip_0p62500\vv_0p00450_wtip_0p62500.vsp3,4,vv_gamma_cases\vv_0p00450_wtip_0p62500\vv_0p00450_wtip_0p62500.stab,True,217.64297210000223,0.17926870001247153,0.3109080999856815,0.311,217.14913029997842,217.149,0.0008683999767526984,217.64209759997902,0.05476131204709593,3.137592060897507,5.9971716,-0.0696914,0.0024905,-0.0637086,-0.1542078,0.0679678,-0.7738253,0.2235594,-0.0878341,-0.0106355,0.0016313,-0.0085838,0.0501278,0.000184428199,3.4466171451515764,0.2901395652275216,-0.30829733030131806,ConGrp_1,ConGrp_2,ConGrp_3,"{'ConGrp_1': 'AILERON_GROUP', 'ConGrp_2': 'ELEVATOR_GROUP', 'ConGrp_3': 'RUDDER_GROUP'}",18.0,27.0,0.625,1.4,0.0,0.0,0.0,0.0,0.0,1.225,10.0,none,,-0.0011998352425942407,True,1.0242334853478494,-0.07502064145721783,0.052317617326522944,218.09881130000576
vv_0p00450_wtip_0p87500,32,42,0.0045000000000000005,0.875,vv_gamma_cases\vv_0p00450_wtip_0p87500,True,C:\Users\mtkbirdman\OneDrive\Documents\OpenVSP\examples\models\BRGlider\BRGlider.0G.vsp3,vv_gamma_cases\vv_0p00450_wtip_0p87500\vv_0p00450_wtip_0p87500_vtail.vsp3,VTailGeom,vspaero_reference_wing,0.0045000000000000005,0.0045000000000000005,1.4,4.514999999999999,4.514999999999999,18.0,27.0,9.0,13.5,fixed_aspect_ratio,1.210963455149502,1.1004378470179503,1.1004378470179503,1.1004378470179503,0.4,0.48438538205980086,0.4843853820598008,0.8,0.8803502776143604,1.6000000000000003,1.6,5.914999999999999,5.914999999999999,5.9375985155790385,5.914999999999999,-0.022598515579039358,5.6899999999999995,5.6899999999999995,5.66740148442096,vv_gamma_cases\vv_0p00450_wtip_0p87500\vv_0p00450_wtip_0p87500.vsp3,4,vv_gamma_cases\vv_0p00450_wtip_0p87500\vv_0p00450_wtip_0p87500.stab,True,222.7342989000026,0.1494105999590829,0.27955069998279214,0.28,222.30166890000692,222.302,0.0009170999983325601,222.7333330999827,0.07745468052159649,4.4378262974216245,5.9879802,-0.0984208,0.0002854,-0.07674,-0.2082547,0.0838473,-0.7746537,0.2238484,-0.0877789,-0.010696,0.0016069,-0.0085675,0.050114,0.0009888225434400001,30.01927119831815,0.03331193463670849,-3.8119146487720013,ConGrp_1,ConGrp_2,ConGrp_3,"{'ConGrp_1': 'AILERON_GROUP', 'ConGrp_2': 'ELEVATOR_GROUP', 'ConGrp_3': 'RUDDER_GROUP'}",18.0,27.0,0.625,1.4,0.0,0.0,0.0,0.0,0.0,1.225,10.0,none,,-0.0011948774855442847,True,1.0272477422689028,-0.1043999952161536,0.08318934608477672,223.20533119997708
vv_0p00450_wtip_1p12500,33,42,0.0045000000000000005,1.125,vv_gamma_cases\vv_0p00450_wtip_1p12500,True,C:\Users\mtkbirdman\OneDrive\Documents\OpenVSP\examples\models\BRGlider\BRGlider.0G.vsp3,vv_gamma_cases\vv_0p00450_wtip_1p12500\vv_0p00450_wtip_1p12500_vtail.vsp3,VTailGeom,vspaero_reference_wing,0.0045000000000000005,0.0045000000000000005,1.4,4.514999999999999,4.514999999999999,18.0,27.0,9.0,13.5,fixed_aspect_ratio,1.210963455149502,1.1004378470179503,1.1004378470179503,1.1004378470179503,0.4,0.48438538205980086,0.4843853820598008,0.8,0.8803502776143604,1.6000000000000003,1.6,5.914999999999999,5.914999999999999,5.9375985155790385,5.914999999999999,-0.022598515579039358,5.6899999999999995,5.6899999999999995,5.66740148442096,vv_gamma_cases\vv_0p00450_wtip_1p12500\vv_0p00450_wtip_1p12500.vsp3,4,vv_gamma_cases\vv_0p00450_wtip_1p12500\vv_0p00450_wtip_1p12500.stab,True,202.11664010002278,0.15584150003269315,0.2731583999702707,0.273,201.68400860001566,201.684,0.000819800014141947,202.11584179999772,0.10051582686084758,5.75913265339428,5.974359,-0.1274338,-0.002742,-0.0929185,-0.2622806,0.0996476,-0.7753608,0.2240391,-0.0877228,-0.0106521,0.0017177,-0.0085497,0.0500322,0.00197175279318,-3.1180525164113786,-0.32071300747394643,0.5146803665672348,ConGrp_1,ConGrp_2,ConGrp_3,"{'ConGrp_1': 'AILERON_GROUP', 'ConGrp_2': 'ELEVATOR_GROUP', 'ConGrp_3': 'RUDDER_GROUP'}",18.0,27.0,0.625,1.4,0.0,0.0,0.0,0.0,0.0,1.225,10.0,none,,-0.001174349675916924,True,1.037619726471866,-0.14126614922302005,0.09363495133121995,202.60479409998516
vv_0p00450_wtip_1p37500,34,42,0.0045000000000000005,1.375,vv_gamma_cases\vv_0p00450_wtip_1p37500,True,C:\Users\mtkbirdman\OneDrive\Documents\OpenVSP\examples\models\BRGlider\BRGlider.0G.vsp3,vv_gamma_cases\vv_0p00450_wtip_1p37500\vv_0p00450_wtip_1p37500_vtail.vsp3,VTailGeom,vspaero_reference_wing,0.0045000000000000005,0.0045000000000000005,1.4,4.514999999999999,4.514999999999999,18.0,27.0,9.0,13.5,fixed_aspect_ratio,1.210963455149502,1.1004378470179503,1.1004378470179503,1.1004378470179503,0.4,0.48438538205980086,0.4843853820598008,0.8,0.8803502776143604,1.6000000000000003,1.6,5.914999999999999,5.914999999999999,5.9375985155790385,5.914999999999999,-0.022598515579039358,5.6899999999999995,5.6899999999999995,5.66740148442096,vv_gamma_cases\vv_0p00450_wtip_1p37500\vv_0p00450_wtip_1p37500.vsp3,4,vv_gamma_cases\vv_0p00450_wtip_1p37500\vv_0p00450_wtip_1p37500.stab,True,205.14847129996633,0.15496259997598827,0.2716348000103608,0.271,204.71811100002378,204.718,0.0009071000386029482,205.1475483000395,0.12214517608511301,6.998403077559251,5.9601517,-0.1544872,-0.0062915,-0.1126424,-0.316156,0.1153135,-0.7754914,0.2240747,-0.087634,-0.0106365,0.0017411,-0.0085495,0.0501411,0.00305296907785,-1.358896924421839,-0.735890987777063,0.2729537438358975,ConGrp_1,ConGrp_2,ConGrp_3,"{'ConGrp_1': 'AILERON_GROUP', 'ConGrp_2': 'ELEVATOR_GROUP', 'ConGrp_3': 'RUDDER_GROUP'}",18.0,27.0,0.625,1.4,0.0,0.0,0.0,0.0,0.0,1.225,10.0,none,,-0.0011772901330562946,True,1.032771409103462,-0.1811085799774888,0.07747736354748486,205.60905739996815
vv_0p00450_wtip_1p62500,35,42,0.0045000000000000005,1.625,vv_gamma_cases\vv_0p00450_wtip_1p62500,True,C:\Users\mtkbirdman\OneDrive\Documents\OpenVSP\examples\models\BRGlider\BRGlider.0G.vsp3,vv_gamma_cases\vv_0p00450_wtip_1p62500\vv_0p00450_wtip_1p62500_vtail.vsp3,VTailGeom,vspaero_reference_wing,0.0045000000000000005,0.0045000000000000005,1.4,4.514999999999999,4.514999999999999,18.0,27.0,9.0,13.5,fixed_aspect_ratio,1.210963455149502,1.1004378470179503,1.1004378470179503,1.1004378470179503,0.4,0.48438538205980086,0.4843853820598008,0.8,0.8803502776143604,1.6000000000000003,1.6,5.914999999999999,5.914999999999999,5.9375985155790385,5.914999999999999,-0.022598515579039358,5.6899999999999995,5.6899999999999995,5.66740148442096,vv_gamma_cases\vv_0p00450_wtip_1p62500\vv_0p00450_wtip_1p62500.vsp3,4,vv_gamma_cases\vv_0p00450_wtip_1p62500\vv_0p00450_wtip_1p62500.stab,True,189.1615800000145,0.1503841999801807,0.2696421999717131,0.269,188.73772390000522,188.738,0.000825099996291101,189.16064070002176,0.1441245444299824,8.257728120083708,5.9387373,-0.1816314,-0.0094328,-0.1370968,-0.3699655,0.1310955,-0.7756474,0.223936,-0.0874848,-0.0106506,0.0017197,-0.008557,0.0502323,0.0040468268896400005,-0.9071537613433975,-1.102348954072689,0.21464302940752095,ConGrp_1,ConGrp_2,ConGrp_3,"{'ConGrp_1': 'AILERON_GROUP', 'ConGrp_2': 'ELEVATOR_GROUP', 'ConGrp_3': 'RUDDER_GROUP'}",18.0,27.0,0.625,1.4,0.0,0.0,0.0,0.0,0.0,1.225,10.0,none,,-0.0011973063097482943,True,1.0117733015689145,-0.21514982882503397,0.06774121136396774,189.63058390002698
vv_0p00550_wtip_0p12500,36,42,0.0055,0.125,vv_gamma_cases\vv_0p00550_wtip_0p12500,True,C:\Users\mtkbirdman\OneDrive\Documents\OpenVSP\examples\models\BRGlider\BRGlider.0G.vsp3,vv_gamma_cases\vv_0p00550_wtip_0p12500\vv_0p00550_wtip_0p12500_vtail.vsp3,VTailGeom,vspaero_reference_wing,0.0055,0.0055,1.4,4.514999999999999,4.514999999999999,18.0,27.0,9.0,13.5,fixed_aspect_ratio,1.4800664451827243,1.216579814555019,1.216579814555019,1.216579814555019,0.4,0.5920265780730898,0.5920265780730899,0.8,0.9732638516440153,1.6000000000000003,1.6,5.914999999999999,5.914999999999999,5.963730458274879,5.914999999999999,-0.048730458274880206,5.6899999999999995,5.6899999999999995,5.641269541725119,vv_gamma_cases\vv_0p00550_wtip_0p12500\vv_0p00550_wtip_0p12500.vsp3,4,vv_gamma_cases\vv_0p00550_wtip_0p12500\vv_0p00550_wtip_0p12500.stab,True,215.4692558000097,0.15523420000681654,0.2667643000022508,0.267,215.0434644999914,215.043,0.0008378999773412943,215.46837940003024,0.01023831643578378,0.5866123210898343,5.9979613,-0.0130314,0.0110205,-0.0575444,-0.0467508,0.0384193,-0.7720508,0.2211508,-0.0876032,-0.0110955,-0.0003515,-0.0097071,0.0553591,-0.0022926024927000005,0.8808221042602422,1.1353030256204222,-0.015322625362808923,ConGrp_1,ConGrp_2,ConGrp_3,"{'ConGrp_1': 'AILERON_GROUP', 'ConGrp_2': 'ELEVATOR_GROUP', 'ConGrp_3': 'RUDDER_GROUP'}",18.0,27.0,0.625,1.4,0.0,0.0,0.0,0.0,0.0,1.225,10.0,none,,-0.0013442150476044965,True,1.012130328514503,0.006076617230897214,0.0824434384022661,215.92853710002964
vv_0p00550_wtip_0p37500,37,42,0.0055,0.375,vv_gamma_cases\vv_0p00550_wtip_0p37500,True,C:\Users\mtkbirdman\OneDrive\Documents\OpenVSP\examples\models\BRGlider\BRGlider.0G.vsp3,vv_gamma_cases\vv_0p00550_wtip_0p37500\vv_0p00550_wtip_0p37500_vtail.vsp3,VTailGeom,vspaero_reference_wing,0.0055,0.0055,1.4,4.514999999999999,4.514999999999999,18.0,27.0,9.0,13.5,fixed_aspect_ratio,1.4800664451827243,1.216579814555019,1.216579814555019,1.216579814555019,0.4,0.5920265780730898,0.5920265780730899,0.8,0.9732638516440153,1.6000000000000003,1.6,5.914999999999999,5.914999999999999,5.963730458274879,5.914999999999999,-0.048730458274880206,5.6899999999999995,5.6899999999999995,5.641269541725119,vv_gamma_cases\vv_0p00550_wtip_0p37500\vv_0p00550_wtip_0p37500.vsp3,4,vv_gamma_cases\vv_0p00550_wtip_0p37500\vv_0p00550_wtip_0p37500.stab,True,219.9940130999894,0.1682884999900125,0.3075531999929808,0.308,219.51421509997454,219.514,0.0009533999837003648,219.9931280000019,0.030763854365308558,1.7626390166872943,5.9997923,-0.0391684,0.007519,-0.0608431,-0.1007436,0.0540586,-0.7730336,0.2218077,-0.0876998,-0.0111102,-0.0002128,-0.0097131,0.0551931,-0.00123260333862,1.2918074211996278,0.7741091927397019,-0.06572913492572056,ConGrp_1,ConGrp_2,ConGrp_3,"{'ConGrp_1': 'AILERON_GROUP', 'ConGrp_2': 'ELEVATOR_GROUP', 'ConGrp_3': 'RUDDER_GROUP'}",18.0,27.0,0.625,1.4,0.0,0.0,0.0,0.0,0.0,1.225,10.0,none,,-0.0013303743061416802,True,1.022316571175278,-0.031977898118979456,0.0700395643752396,220.475267300033
vv_0p00550_wtip_0p62500,38,42,0.0055,0.625,vv_gamma_cases\vv_0p00550_wtip_0p62500,True,C:\Users\mtkbirdman\OneDrive\Documents\OpenVSP\examples\models\BRGlider\BRGlider.0G.vsp3,vv_gamma_cases\vv_0p00550_wtip_0p62500\vv_0p00550_wtip_0p62500_vtail.vsp3,VTailGeom,vspaero_reference_wing,0.0055,0.0055,1.4,4.514999999999999,4.514999999999999,18.0,27.0,9.0,13.5,fixed_aspect_ratio,1.4800664451827243,1.216579814555019,1.216579814555019,1.216579814555019,0.4,0.5920265780730898,0.5920265780730899,0.8,0.9732638516440153,1.6000000000000003,1.6,5.914999999999999,5.914999999999999,5.963730458274879,5.914999999999999,-0.048730458274880206,5.6899999999999995,5.6899999999999995,5.641269541725119,vv_gamma_cases\vv_0p00550_wtip_0p62500\vv_0p00550_wtip_0p62500.vsp3,4,vv_gamma_cases\vv_0p00550_wtip_0p62500\vv_0p00550_wtip_0p62500.stab,True,217.35808510001516,0.15335350000532344,0.26597109995782375,0.266,216.93516509997426,216.935,0.0008548999903723598,217.35731200000737,0.05143333728884469,2.9469131529236403,5.9965588,-0.0654494,0.0036274,-0.0683421,-0.1547754,0.0698418,-0.773985,0.2222219,-0.0877538,-0.0111047,-0.0004314,-0.0097173,0.0551062,-7.929176787999982e-05,2.6788608920990242,0.37329299290955303,-0.22708610382804045,ConGrp_1,ConGrp_2,ConGrp_3,"{'ConGrp_1': 'AILERON_GROUP', 'ConGrp_2': 'ELEVATOR_GROUP', 'ConGrp_3': 'RUDDER_GROUP'}",18.0,27.0,0.625,1.4,0.0,0.0,0.0,0.0,0.0,1.225,10.0,none,,-0.0013351743866269856,True,1.0190206442898515,-0.07415328404554751,0.04379478442219743,217.83731609996175
vv_0p00550_wtip_0p87500,39,42,0.0055,0.875,vv_gamma_cases\vv_0p00550_wtip_0p87500,True,C:\Users\mtkbirdman\OneDrive\Documents\OpenVSP\examples\models\BRGlider\BRGlider.0G.vsp3,vv_gamma_cases\vv_0p00550_wtip_0p87500\vv_0p00550_wtip_0p87500_vtail.vsp3,VTailGeom,vspaero_reference_wing,0.0055,0.0055,1.4,4.514999999999999,4.514999999999999,18.0,27.0,9.0,13.5,fixed_aspect_ratio,1.4800664451827243,1.216579814555019,1.216579814555019,1.216579814555019,0.4,0.5920265780730898,0.5920265780730899,0.8,0.9732638516440153,1.6000000000000003,1.6,5.914999999999999,5.914999999999999,5.963730458274879,5.914999999999999,-0.048730458274880206,5.6899999999999995,5.6899999999999995,5.641269541725119,vv_gamma_cases\vv_0p00550_wtip_0p87500\vv_0p00550_wtip_0p87500.vsp3,4,vv_gamma_cases\vv_0p00550_wtip_0p87500\vv_0p00550_wtip_0p87500.stab,True,215.02215799997794,0.16897429997334257,0.3141180000384338,0.314,214.5351926999865,214.535,0.0009162999922409654,215.021167400002,0.076132311810435,4.362060151311917,5.9846575,-0.0966868,0.0015784,-0.0813637,-0.2088275,0.0856368,-0.7748218,0.2224956,-0.0876981,-0.01117,-0.0005126,-0.0097026,0.0549288,0.0007288045009599999,6.147110998479473,0.16267804506008698,-0.7677340669658302,ConGrp_1,ConGrp_2,ConGrp_3,"{'ConGrp_1': 'AILERON_GROUP', 'ConGrp_2': 'ELEVATOR_GROUP', 'ConGrp_3': 'RUDDER_GROUP'}",18.0,27.0,0.625,1.4,0.0,0.0,0.0,0.0,0.0,1.225,10.0,none,,-0.001308725554615319,True,1.0386063447596388,-0.10371824099030699,0.0924466360573548,215.46744899998885
vv_0p00550_wtip_1p12500,40,42,0.0055,1.125,vv_gamma_cases\vv_0p00550_wtip_1p12500,True,C:\Users\mtkbirdman\OneDrive\Documents\OpenVSP\examples\models\BRGlider\BRGlider.0G.vsp3,vv_gamma_cases\vv_0p00550_wtip_1p12500\vv_0p00550_wtip_1p12500_vtail.vsp3,VTailGeom,vspaero_reference_wing,0.0055,0.0055,1.4,4.514999999999999,4.514999999999999,18.0,27.0,9.0,13.5,fixed_aspect_ratio,1.4800664451827243,1.216579814555019,1.216579814555019,1.216579814555019,0.4,0.5920265780730898,0.5920265780730899,0.8,0.9732638516440153,1.6000000000000003,1.6,5.914999999999999,5.914999999999999,5.963730458274879,5.914999999999999,-0.048730458274880206,5.6899999999999995,5.6899999999999995,5.641269541725119,vv_gamma_cases\vv_0p00550_wtip_1p12500\vv_0p00550_wtip_1p12500.vsp3,4,vv_gamma_cases\vv_0p00550_wtip_1p12500\vv_0p00550_wtip_1p12500.stab,True,197.81689080002252,0.16924729995662346,0.29014290001941845,0.29,197.353767899971,197.353,0.0008527999743819237,197.81599209998967,0.09694766871731166,5.554692251134437,5.9729156,-0.1228804,-0.0015721,-0.0965362,-0.2628507,0.1013244,-0.7754996,0.2227235,-0.087643,-0.0111223,-0.0002324,-0.0096744,0.0547015,0.00171685628727,-6.153807009732205,-0.16250103365583396,0.9747907889039495,ConGrp_1,ConGrp_2,ConGrp_3,"{'ConGrp_1': 'AILERON_GROUP', 'ConGrp_2': 'ELEVATOR_GROUP', 'ConGrp_3': 'RUDDER_GROUP'}",18.0,27.0,0.625,1.4,0.0,0.0,0.0,0.0,0.0,1.225,10.0,none,,-0.0012980892433690804,True,1.0388554191916288,-0.14001766610621064,0.08667125558881351,198.28216729999986
vv_0p00550_wtip_1p37500,41,42,0.0055,1.375,vv_gamma_cases\vv_0p00550_wtip_1p37500,True,C:\Users\mtkbirdman\OneDrive\Documents\OpenVSP\examples\models\BRGlider\BRGlider.0G.vsp3,vv_gamma_cases\vv_0p00550_wtip_1p37500\vv_0p00550_wtip_1p37500_vtail.vsp3,VTailGeom,vspaero_reference_wing,0.0055,0.0055,1.4,4.514999999999999,4.514999999999999,18.0,27.0,9.0,13.5,fixed_aspect_ratio,1.4800664451827243,1.216579814555019,1.216579814555019,1.216579814555019,0.4,0.5920265780730898,0.5920265780730899,0.8,0.9732638516440153,1.6000000000000003,1.6,5.914999999999999,5.914999999999999,5.963730458274879,5.914999999999999,-0.048730458274880206,5.6899999999999995,5.6899999999999995,5.641269541725119,vv_gamma_cases\vv_0p00550_wtip_1p37500\vv_0p00550_wtip_1p37500.vsp3,4,vv_gamma_cases\vv_0p00550_wtip_1p37500\vv_0p00550_wtip_1p37500.stab,True,192.95624659996247,0.16754840000066906,0.30520120001165196,0.305,192.4793767000083,192.479,0.0012803999707102776,192.95543949998682,0.11763350981947435,6.739903641966607,5.9631354,-0.1488554,-0.0049478,-0.1160232,-0.3167375,0.1169079,-0.7756152,0.2227809,-0.0875523,-0.0111085,-0.0001247,-0.0096768,0.0546435,0.00275583554792,-1.9557783257205223,-0.5113053902116402,0.37519051326799513,ConGrp_1,ConGrp_2,ConGrp_3,"{'ConGrp_1': 'AILERON_GROUP', 'ConGrp_2': 'ELEVATOR_GROUP', 'ConGrp_3': 'RUDDER_GROUP'}",18.0,27.0,0.625,1.4,0.0,0.0,0.0,0.0,0.0,1.225,10.0,none,,-0.0013148272780088973,True,1.0219708726966072,-0.17686399840977438,0.06765471162117455,193.4172067999607
vv_0p00550_wtip_1p62500,42,42,0.0055,1.625,vv_gamma_cases\vv_0p00550_wtip_1p62500,True,C:\Users\mtkbirdman\OneDrive\Documents\OpenVSP\examples\models\BRGlider\BRGlider.0G.vsp3,vv_gamma_cases\vv_0p00550_wtip_1p62500\vv_0p00550_wtip_1p62500_vtail.vsp3,VTailGeom,vspaero_reference_wing,0.0055,0.0055,1.4,4.514999999999999,4.514999999999999,18.0,27.0,9.0,13.5,fixed_aspect_ratio,1.4800664451827243,1.216579814555019,1.216579814555019,1.216579814555019,0.4,0.5920265780730898,0.5920265780730899,0.8,0.9732638516440153,1.6000000000000003,1.6,5.914999999999999,5.914999999999999,5.963730458274879,5.914999999999999,-0.048730458274880206,5.6899999999999995,5.6899999999999995,5.641269541725119,vv_gamma_cases\vv_0p00550_wtip_1p62500\vv_0p00550_wtip_1p62500.vsp3,4,vv_gamma_cases\vv_0p00550_wtip_1p62500\vv_0p00550_wtip_1p62500.stab,True,186.28198510000948,0.15130119997775182,0.2771530000027269,0.277,185.84983179997653,185.85,0.0008929999894462526,186.28110160003416,0.1411318550645756,8.086259650052215,5.9377658,-0.1778308,-0.0081635,-0.1411258,-0.37057,0.1325498,-0.7757944,0.2226114,-0.0874036,-0.0111171,-0.0003934,-0.009668,0.054419,0.00379425095058,-1.1842959514913944,-0.8443835333057511,0.27096212152404797,ConGrp_1,ConGrp_2,ConGrp_3,"{'ConGrp_1': 'AILERON_GROUP', 'ConGrp_2': 'ELEVATOR_GROUP', 'ConGrp_3': 'RUDDER_GROUP'}",18.0,27.0,0.625,1.4,0.0,0.0,0.0,0.0,0.0,1.225,10.0,none,,-0.0013362413753620387,True,1.0011077264332835,-0.212061628481877,0.06246294685128999,186.73557489999803
