InputAlpha_deg,InputMach,InputReCref,Elevator_deg,CMyResidual,CMyElevatorSlope_per_deg,TrimFunctionEvaluations,NCPU,WakeNumIter,FixedWakeFlag,SpeedConditionDuration_s,TrimDuration_s,Alpha,Beta,CDi,CDiw,CDo,CDtot,CDwtot,CFix,CFiy,CFiz,CFox,CFoy,CFoz,CFxtot,CFytot,CFztot,CLi,CLiw,CLo,CLtot,CLwtot,CMix,CMiy,CMiz,CMox,CMoy,CMoz,CMxtot,CMytot,CMztot,CSi,CSiw,CSo,CStot,CSwtot,E,Ew,L_D,L_Dw,Mach,Re_1e6,StallFactor,CL,CMy,de,gamma,Velocity,Vx,vz
-2.0,0.18167466695456413,4217033.45419723,0.30805087020837885,-2.318926e-06,-0.02629997024850708,3,4,5,False,41.994,128.502,-2.0,0.0,0.001528101158,0.000573062078,0.008059163422,0.009587264579,0.0086322255,0.006387599252,0.000390204099,0.139131145143,0.008063826447,-2.167e-09,-7.141644e-06,0.014451425699,0.000390201931,0.139124003499,0.139269314208,0.13699133893,0.000274286191,0.139543600398,0.137265625121,-0.000438409079,-0.003435760934,-5.562375e-06,2.317e-09,0.003433442009,9.6395e-07,-0.000438406762,-2.318926e-06,-4.598426e-06,0.000390204099,0.000141907501,-2.167e-09,0.000390201931,0.000141905333,0.23585268833,0.23585268833,14.555100596583,14.555100596583,0.181675,4.21703,1.0,0.139543600398,-2.318926e-06,0.30805087020837885,0.06859664084107797,61.07580280366859,219.3557870628742,4.186309992754377
-1.5,0.1551289516127763,3600854.1511691837,0.01737637370646916,-7.505378e-06,-0.026274149689461405,2,4,5,False,41.161,84.58,-1.5,0.0,0.001695578562,0.000833431203,0.008342823001,0.010038401563,0.009176254204,0.006619578815,0.000388772037,0.188017786909,0.00834552184,-2.657e-09,-6.14906e-06,0.014965100655,0.00038876938,0.188011637849,0.188126638281,0.185198205973,0.000212313341,0.188338951622,0.185410519314,-0.000415173612,-0.003532853101,-9.642724e-06,2.816e-09,0.003525347723,1.177544e-06,-0.000415170796,-7.505378e-06,-8.46518e-06,0.000388772037,0.000142825113,-2.657e-09,0.00038876938,0.000142822456,0.387200106088,0.387200106088,18.761846737464,18.761846737464,0.155129,3.60085,1.0,0.188338951622,-7.505378e-06,0.01737637370646916,0.05324927090856572,52.547345527691625,188.90231230150735,2.796785692925298
-1.0,0.13765250585051272,3195190.787777079,-0.2823640585465618,2.0768e-06,-0.026281078350984942,2,4,5,False,45.186,81.85,-1.0,0.0,0.002000073908,0.001183095793,0.00861618632,0.010616260228,0.009799282113,0.006132485705,0.000403746091,0.236728258918,0.008617409647,-3.037e-09,-5.107974e-06,0.014749895352,0.000403743054,0.236723150944,0.236799230691,0.233380066936,0.000145287339,0.23694451803,0.233525354276,-0.000392507663,-0.003606190653,-9.842245e-06,3.27e-09,0.003608267452,1.363416e-06,-0.000392504393,2.0768e-06,-8.478829e-06,0.000403746091,0.000153511069,-3.037e-09,0.000403743054,0.000153508032,0.519541655191,0.519541655191,22.319019404571,22.319019404571,0.137653,3.19519,1.0,0.23694451803,2.0768e-06,-0.2823640585465618,0.04477489037266577,46.83896172668184,168.4512662764869,2.0965087023739093
-0.5,0.12503429206082609,2902296.733942763,-0.5837747269449203,1.202866e-06,-0.02628506913872445,2,4,5,False,42.144,84.186,-0.5,0.0,0.002458178962,0.001620238501,0.008893823454,0.011352002416,0.010514061955,0.00494788254,0.000415953021,0.285281046284,0.008894126524,-3.551e-09,-4.078553e-06,0.013842009063,0.00041594947,0.285276967731,0.285313361528,0.281570459417,7.3536513e-05,0.285386898042,0.28164399593,-0.000372953264,-0.003687347172,-9.88567e-06,3.683e-09,0.003688550038,1.535044e-06,-0.000372949581,1.202866e-06,-8.350625e-06,0.000415953021,0.000161369948,-3.551e-09,0.00041594947,0.000161366397,0.613236013732,0.613236013732,25.139784822107,25.139784822107,0.125034,2.9023,1.0,0.285386898042,1.202866e-06,-0.5837747269449203,0.039756628323666506,42.67440672142934,153.50646889389196,1.6961436267490337
0.0,0.11538215010831418,2678251.1573044807,-0.8979359893109484,1.4137162e-05,-0.02633006883694799,2,4,5,False,41.357,84.047,0.0,0.0,0.002990939949,0.002144391732,0.009183091682,0.012174031631,0.011327483414,0.002990939949,0.000435944612,0.333615785751,0.009183091682,-3.822e-09,-3.016434e-06,0.012174031631,0.00043594079,0.333612769317,0.333615785751,0.329692349064,-3.016434e-06,0.333612769317,0.32968933263,-0.000348055253,-0.003755103014,-9.152149e-06,4.023e-09,0.003769240176,1.657689e-06,-0.00034805123,1.4137162e-05,-7.494461e-06,0.000435944612,0.000170691192,-3.822e-09,0.00043594079,0.00017068737,0.688732733761,0.688732733761,27.403639108758,27.403639108758,0.115382,2.67825,1.0,0.333612769317,1.4137162e-05,-0.8979359893109484,0.036475318979633166,39.46717152042595,141.98731165365587,1.4392584775789237
0.5,0.10768784323424656,2499650.8601980177,-1.2145009090844798,4.204949e-06,-0.02634335189118852,2,4,5,False,43.165,84.167,0.5,0.0,0.003518195641,0.002754128303,0.009488289598,0.013006485238,0.012242417901,0.000186883778,0.000458861301,0.381745880586,0.00948866817,-4.338e-09,-1.979427e-06,0.009675551949,0.000458856963,0.38174390116,0.381729714025,0.377754311806,-8.4782551e-05,0.381644931474,0.377669529255,-0.000333108764,-0.003848140587,-7.577513e-06,4.355e-09,0.003852345535,1.802311e-06,-0.000333104409,4.204949e-06,-5.775203e-06,0.000458861301,0.000174278625,-4.338e-09,0.000458856963,0.000174274287,0.766252843618,0.766252843618,29.342664407959,29.342664407959,0.107688,2.49965,1.0,0.381644931474,4.204949e-06,-1.2145009090844798,0.034066883133921706,36.89853574717511,132.75765530424766,1.2567749799639687
1.0,0.10136249902570692,2352826.932658382,-1.5383377851296076,1.1167706e-05,-0.02637783748200939,2,4,5,False,44.401,87.739,1.0,0.0,0.003957884567,0.003450737225,0.009812453383,0.01377033795,0.013263190608,-0.003542138697,0.000481879531,0.42971058494,0.009813964609,-4.74e-09,-9.46114e-07,0.006271825913,0.000481874791,0.429709638826,0.429706956781,0.425792867846,-0.000172223269,0.429534733512,0.425620644577,-0.000314774748,-0.003927968478,-5.990121e-06,4.618e-09,0.003939136184,1.907461e-06,-0.00031477013,1.1167706e-05,-4.08266e-06,0.000481879531,0.000183466622,-4.74e-09,0.000481874791,0.000183461882,0.862792854392,0.862792854392,31.192751773681,31.192751773681,0.101362,2.35283,1.0,0.429534733512,1.1167706e-05,-1.5383377851296076,0.03204775362469353,34.77965251149962,125.1424572155977,1.114418949735937
1.5,0.09605919443254379,2229726.5947738495,-1.8663686365556003,6.110665e-06,-0.02639646580606316,2,4,5,False,42.133,88.707,1.5,0.0,0.004567260262,0.00423091823,0.010156639212,0.014723899475,0.014387557442,-0.00793199986,0.000541695406,0.477387275124,0.010160119157,-5.703e-09,6.3969e-08,0.002228119297,0.000541689703,0.477387339093,0.477431321978,0.473713379435,-0.000265896966,0.477165425011,0.473447482469,-0.000294857108,-0.004024120908,6.591782e-06,4.804e-09,0.004030231573,1.962556e-06,-0.000294852303,6.110665e-06,8.554338e-06,0.000541695406,0.000223798018,-5.703e-09,0.000541689703,0.000223792315,0.92268882801,0.92268882801,32.407544335385,32.407544335385,0.0960592,2.22973,1.0,0.477165425011,6.110665e-06,-1.8663686365556003,0.030847224515931474,32.99755018290533,118.73466719112463,1.017721418698255
2.0,0.09151923699994752,2124345.0757386284,-2.1964491020245296,1.351936e-05,-0.02643742357671096,2,4,5,False,43.018,88.146,2.0,0.0,0.005288109265,0.005100102329,0.010523400541,0.015811509806,0.015623502871,-0.013039185845,0.000530716786,0.524917369061,0.010529778646,-5.342e-09,1.041619e-06,-0.002509407199,0.000530711445,0.52491841068,0.525052664606,0.521745843084,-0.000366442991,0.524686221615,0.521379400093,-0.000272165362,-0.004112990512,-2.676571e-06,4.975e-09,0.004126509872,2.017841e-06,-0.000272160387,1.351936e-05,-6.5873e-07,0.000530716786,0.000190636512,-5.342e-09,0.000530711445,0.000190631171,0.963544965493,0.963544965493,33.18381533724,33.18381533724,0.0915192,2.12435,1.0,0.524686221615,1.351936e-05,-2.1964491020245296,0.030126055281226492,31.46745184491306,113.2314239605563,0.9478468043148414
3.0,0.08412950061387188,1952814.4706181407,-2.865774586054976,4.529476e-05,-0.0265050958244898,2,4,5,False,41.316,87.397,3.0,0.0,0.007378110796,0.007089669665,0.01132576254,0.018703873336,0.018415432205,-0.025064522563,0.000587921555,0.619235524273,0.011341153573,-6.009e-09,2.897119e-06,-0.01372336899,0.000587915546,0.619238421392,0.619698659265,0.617694838098,-0.000590656969,0.619108002296,0.61710418113,-0.000233933439,-0.004290357542,3.214618e-06,5.151e-09,0.004335652302,2.06395e-06,-0.000233928288,4.529476e-05,5.278568e-06,0.000587921555,0.000188284164,-6.009e-09,0.000587915546,0.000188278155,0.961525374659,0.961525374659,33.10052368126,33.10052368126,0.0841295,1.95281,1.0,0.619108002296,4.529476e-05,-2.865774586054976,0.030201816177759213,28.968679154325393,104.23968578120413,0.874773721146592
4.0,0.07831139839952089,1817764.6472765452,-3.5648568347175003,3.5744435e-05,-0.026556226338915502,2,4,5,False,42.7,83.378,4.0,0.0,0.009099994657,0.00941155632,0.012221238117,0.021321232774,0.021632794437,-0.040695216026,0.000694890766,0.712422467978,0.012250750291,-6.072e-09,4.731291e-06,-0.028444465735,0.000694884695,0.712427199268,0.71352579742,0.713213488339,-0.000849849376,0.712675948045,0.712363638963,-0.000205067355,-0.004532216253,1.7301238e-05,5.174e-09,0.004567960689,2.08632e-06,-0.000205062181,3.5744435e-05,1.9387558e-05,0.000694890766,0.000215231323,-6.072e-09,0.000694884695,0.000215225251,1.033037660067,1.033037660067,33.425644548452,33.425644548452,0.0783114,1.81776,1.0,0.712675948045,3.5744435e-05,-3.5648568347175003,0.02990822849777281,27.000010607605773,97.15656860713992,0.807402103647853
6.0,0.06965918503190148,1616929.4189217372,-5.037199703128101,0.000126518361,-0.02664215629702138,2,4,5,False,41.395,84.24799999999999,6.0,0.0,0.01282801412,0.015027155799,0.014300165505,0.027128179625,0.029327321304,-0.08118731036,0.000923193747,0.895168349111,0.014378068742,-6.893e-09,8.240128e-06,-0.066809241617,0.000923186854,0.89517658924,0.898750908021,0.903523781712,-0.001494722442,0.897256185578,0.90202905927,-0.000123738898,-0.004980626919,5.247433e-05,4.411e-09,0.00510714528,1.659612e-06,-0.000123734487,0.000126518361,5.4133941e-05,0.000923193747,0.000238401659,-6.893e-09,0.000923186854,0.000238394766,1.161573191195,1.161573191195,33.074691998323,33.074691998323,0.0696592,1.61693,1.0,0.897256185578,0.000126518361,-5.037199703128101,0.030225389756414655,24.063224712188124,86.58804160265584,0.7272096072651272
8.0,0.0634489421007035,1472777.222919069,-6.579050048987403,7.6171359e-05,-0.026691558860120035,2,4,5,False,41.478,85.18799999999999,8.0,0.0,0.017138328962,0.021906532364,0.016758291401,0.033896620364,0.038664823765,-0.133433040033,0.001168722943,1.072569388717,0.016921379382,-7.648e-09,1.1422614e-05,-0.116511660652,0.001168715295,1.072580811331,1.080701507108,1.092724686293,-0.002343689391,1.078357817717,1.090380996902,-4.487006e-05,-0.005672809067,9.713407e-05,2.81e-09,0.005748980426,8.6431e-07,-4.486725e-05,7.6171359e-05,9.799838e-05,0.001168722943,0.000256698696,-7.648e-09,0.001168715295,0.000256691048,1.2558286742,1.2558286742,31.813136712277,31.813136712277,0.0634489,1.47278,1.0,1.078357817717,7.6171359e-05,-6.579050048987403,0.03142320884674752,21.95020757949912,78.98173724002622,0.6896324513356213
10.0,0.0587161530874871,1362919.696083024,-8.22044743400334,0.000247098049,-0.026842100131390316,2,4,5,False,42.577,83.276,10.0,0.0,0.021511340085,0.030022234607,0.019581280814,0.041092620899,0.049603515421,-0.197486208515,0.001519477048,1.243878814312,0.01988080063,-7.795e-09,1.44788e-05,-0.177605407885,0.001519469254,1.243893293112,1.259274620365,1.280591888356,-0.003438005966,1.2558366144,1.277153882391,3.6908417e-05,-0.00624615425,0.00015494576,2.56e-10,0.006493252299,-3.7177e-07,3.6908673e-05,0.000247098049,0.000154573989,0.001519477048,0.000276844983,-7.795e-09,0.001519469254,0.000276837189,1.356975175947,1.356975175947,30.561122336068,30.561122336068,0.0587162,1.36292,1.0,1.2558366144,0.000247098049,-8.22044743400334,0.032709640809838764,20.340539487724794,73.18677267629552,0.6652131048458206
12.0,0.05496850397343785,1275929.2424690877,-9.944249193050105,0.000132955108,-0.026919229132623904,2,4,5,False,43.549,86.711,12.0,0.0,0.02569281517,0.039321123686,0.022745875391,0.048438690562,0.062066999077,-0.273119358908,0.001879490255,1.408501174938,0.023250339684,-6.634e-09,1.7369937e-05,-0.249869019224,0.001879483621,1.408518544875,1.434506752602,1.467048966315,-0.004817027073,1.429689725528,1.462231939241,0.00011764966,-0.007206686434,0.000226260596,-3.2e-09,0.007339641542,-2.000697e-06,0.00011764646,0.000132955108,0.0002242599,0.001879490255,0.000294185308,-6.634e-09,0.001879483621,0.000294178673,1.472465021755,1.472465021755,29.515449508496,29.515449508496,0.0549685,1.27593,1.0,1.429689725528,0.000132955108,-9.944249193050105,0.03386760659747626,19.064109038658092,68.59143603467172,0.6455323226845404
