case,case_index,case_count,Vv,tip_deflection,gamma_semispan,case_dir,base_vsp3_path,vsp3_path,stab_path,passed,vspaero_passed,vtail_input_vsp3_path,vtail_output_vsp3_path,vtail_vtail_name,vtail_wing_reference_source,vtail_vv_target,vtail_vv_actual,vtail_xcg,vtail_lv_original,vtail_lv_actual,vtail_wing_area,vtail_wing_span,vtail_wing_section_area,vtail_wing_section_span,vtail_vtail_area_scale_mode,vtail_area_ratio,vtail_span_scale,vtail_chord_scale,vtail_scale,vtail_area_before,vtail_area_target,vtail_area_after,vtail_span_before,vtail_span_after,vtail_aspect_ratio_before,vtail_aspect_ratio_after,vtail_x_ac_original,vtail_x_ac_target,vtail_x_ac_before_shift,vtail_x_ac_after,vtail_x_shift,vtail_x_location_original,vtail_x_location_before_shift,vtail_x_location_after,deflection_csv_path,wing_dihedral_update_count,vspaero_wall_elapsed_s,vspaero_read_vsp3_elapsed_s,vspaero_compute_geometry_elapsed_s,vspaero_compute_geometry_analysis_duration_s,vspaero_vspaero_sweep_elapsed_s,vspaero_vspaero_sweep_analysis_duration_s,vspaero_result_extraction_elapsed_s,vspaero_total_elapsed_s,elapsed_s
vv_0p00150_wtip_0p17307,1,25,0.0015,0.1730705,13.5,vv_0p00150_wtip_0p17307,C:\Users\mtkbirdman\OneDrive\Documents\OpenVSP\examples\models\SampleGlider\SampleGlider.0G.vsp3,vv_0p00150_wtip_0p17307\vv_0p00150_wtip_0p17307.vsp3,vv_0p00150_wtip_0p17307\vv_0p00150_wtip_0p17307.stab,True,True,C:\Users\mtkbirdman\OneDrive\Documents\OpenVSP\examples\models\SampleGlider\SampleGlider.0G.vsp3,vv_0p00150_wtip_0p17307\vv_0p00150_wtip_0p17307_vtail.vsp3,VTailGeom,vspaero_reference_wing,0.0015,0.0014999999999999998,1.4,4.514999999999999,4.514999999999999,18.0,27.0,9.0,13.5,fixed_aspect_ratio,0.403654485049834,0.6353380872022658,0.6353380872022658,0.6353380872022658,0.4,0.1614617940199336,0.16146179401993357,0.8,0.5082704697618127,1.6000000000000003,1.6,5.914999999999999,5.914999999999999,5.83295106962051,5.914999999999999,0.08204893037948935,5.6899999999999995,5.6899999999999995,5.772048930379489,vv_0p00150_wtip_0p17307\vv_0p00150_wtip_0p17307_deflection.csv,4,227.06138289999217,0.1942243000958115,0.7300038998946548,0.73,226.03022920014337,226.03,0.029417800018563867,227.060399700189,227.68022740003653
vv_0p00150_wtip_0p30328,2,25,0.0015,0.3032775,13.5,vv_0p00150_wtip_0p30328,C:\Users\mtkbirdman\OneDrive\Documents\OpenVSP\examples\models\SampleGlider\SampleGlider.0G.vsp3,vv_0p00150_wtip_0p30328\vv_0p00150_wtip_0p30328.vsp3,vv_0p00150_wtip_0p30328\vv_0p00150_wtip_0p30328.stab,True,True,C:\Users\mtkbirdman\OneDrive\Documents\OpenVSP\examples\models\SampleGlider\SampleGlider.0G.vsp3,vv_0p00150_wtip_0p30328\vv_0p00150_wtip_0p30328_vtail.vsp3,VTailGeom,vspaero_reference_wing,0.0015,0.0014999999999999998,1.4,4.514999999999999,4.514999999999999,18.0,27.0,9.0,13.5,fixed_aspect_ratio,0.403654485049834,0.6353380872022658,0.6353380872022658,0.6353380872022658,0.4,0.1614617940199336,0.16146179401993357,0.8,0.5082704697618127,1.6000000000000003,1.6,5.914999999999999,5.914999999999999,5.83295106962051,5.914999999999999,0.08204893037948935,5.6899999999999995,5.6899999999999995,5.772048930379489,vv_0p00150_wtip_0p30328\vv_0p00150_wtip_0p30328_deflection.csv,4,214.61372629995458,0.16269889986142516,0.33000119985081255,0.329,214.1171232999768,214.117,0.0009000001009553671,214.6128229999449,215.08065979997627
vv_0p00150_wtip_0p43348,3,25,0.0015,0.4334845,13.5,vv_0p00150_wtip_0p43348,C:\Users\mtkbirdman\OneDrive\Documents\OpenVSP\examples\models\SampleGlider\SampleGlider.0G.vsp3,vv_0p00150_wtip_0p43348\vv_0p00150_wtip_0p43348.vsp3,vv_0p00150_wtip_0p43348\vv_0p00150_wtip_0p43348.stab,True,True,C:\Users\mtkbirdman\OneDrive\Documents\OpenVSP\examples\models\SampleGlider\SampleGlider.0G.vsp3,vv_0p00150_wtip_0p43348\vv_0p00150_wtip_0p43348_vtail.vsp3,VTailGeom,vspaero_reference_wing,0.0015,0.0014999999999999998,1.4,4.514999999999999,4.514999999999999,18.0,27.0,9.0,13.5,fixed_aspect_ratio,0.403654485049834,0.6353380872022658,0.6353380872022658,0.6353380872022658,0.4,0.1614617940199336,0.16146179401993357,0.8,0.5082704697618127,1.6000000000000003,1.6,5.914999999999999,5.914999999999999,5.83295106962051,5.914999999999999,0.08204893037948935,5.6899999999999995,5.6899999999999995,5.772048930379489,vv_0p00150_wtip_0p43348\vv_0p00150_wtip_0p43348_deflection.csv,4,224.162884300109,0.1775209999177605,0.6379329001065344,0.638,223.34370579989627,223.344,0.0007893000729382038,224.1621065000072,224.6261821000371
vv_0p00150_wtip_0p56369,4,25,0.0015,0.5636914999999999,13.5,vv_0p00150_wtip_0p56369,C:\Users\mtkbirdman\OneDrive\Documents\OpenVSP\examples\models\SampleGlider\SampleGlider.0G.vsp3,vv_0p00150_wtip_0p56369\vv_0p00150_wtip_0p56369.vsp3,vv_0p00150_wtip_0p56369\vv_0p00150_wtip_0p56369.stab,True,True,C:\Users\mtkbirdman\OneDrive\Documents\OpenVSP\examples\models\SampleGlider\SampleGlider.0G.vsp3,vv_0p00150_wtip_0p56369\vv_0p00150_wtip_0p56369_vtail.vsp3,VTailGeom,vspaero_reference_wing,0.0015,0.0014999999999999998,1.4,4.514999999999999,4.514999999999999,18.0,27.0,9.0,13.5,fixed_aspect_ratio,0.403654485049834,0.6353380872022658,0.6353380872022658,0.6353380872022658,0.4,0.1614617940199336,0.16146179401993357,0.8,0.5082704697618127,1.6000000000000003,1.6,5.914999999999999,5.914999999999999,5.83295106962051,5.914999999999999,0.08204893037948935,5.6899999999999995,5.6899999999999995,5.772048930379489,vv_0p00150_wtip_0p56369\vv_0p00150_wtip_0p56369_deflection.csv,4,228.83430720004253,0.16376500017940998,0.35068369982764125,0.35,228.31620800006203,228.316,0.0008263001218438148,228.83344680001028,229.29020590009168
vv_0p00150_wtip_0p69390,5,25,0.0015,0.6938984999999999,13.5,vv_0p00150_wtip_0p69390,C:\Users\mtkbirdman\OneDrive\Documents\OpenVSP\examples\models\SampleGlider\SampleGlider.0G.vsp3,vv_0p00150_wtip_0p69390\vv_0p00150_wtip_0p69390.vsp3,vv_0p00150_wtip_0p69390\vv_0p00150_wtip_0p69390.stab,True,True,C:\Users\mtkbirdman\OneDrive\Documents\OpenVSP\examples\models\SampleGlider\SampleGlider.0G.vsp3,vv_0p00150_wtip_0p69390\vv_0p00150_wtip_0p69390_vtail.vsp3,VTailGeom,vspaero_reference_wing,0.0015,0.0014999999999999998,1.4,4.514999999999999,4.514999999999999,18.0,27.0,9.0,13.5,fixed_aspect_ratio,0.403654485049834,0.6353380872022658,0.6353380872022658,0.6353380872022658,0.4,0.1614617940199336,0.16146179401993357,0.8,0.5082704697618127,1.6000000000000003,1.6,5.914999999999999,5.914999999999999,5.83295106962051,5.914999999999999,0.08204893037948935,5.6899999999999995,5.6899999999999995,5.772048930379489,vv_0p00150_wtip_0p69390\vv_0p00150_wtip_0p69390_deflection.csv,4,224.60254190000705,0.1852808000985533,0.6292903998401016,0.629,223.78392440010794,223.784,0.0010869000107049942,224.60130029986612,225.06938250013627
vv_0p00250_wtip_0p17307,6,25,0.0025,0.1730705,13.5,vv_0p00250_wtip_0p17307,C:\Users\mtkbirdman\OneDrive\Documents\OpenVSP\examples\models\SampleGlider\SampleGlider.0G.vsp3,vv_0p00250_wtip_0p17307\vv_0p00250_wtip_0p17307.vsp3,vv_0p00250_wtip_0p17307\vv_0p00250_wtip_0p17307.stab,True,True,C:\Users\mtkbirdman\OneDrive\Documents\OpenVSP\examples\models\SampleGlider\SampleGlider.0G.vsp3,vv_0p00250_wtip_0p17307\vv_0p00250_wtip_0p17307_vtail.vsp3,VTailGeom,vspaero_reference_wing,0.0025,0.0024999999999999996,1.4,4.514999999999999,4.514999999999999,18.0,27.0,9.0,13.5,fixed_aspect_ratio,0.6727574750830565,0.8202179436485504,0.8202179436485504,0.8202179436485504,0.4,0.26910299003322263,0.26910299003322263,0.8,0.6561743549188404,1.6000000000000003,1.6000000000000003,5.914999999999999,5.914999999999999,5.874549037320923,5.914999999999999,0.040450962679075886,5.6899999999999995,5.6899999999999995,5.730450962679075,vv_0p00250_wtip_0p17307\vv_0p00250_wtip_0p17307_deflection.csv,4,231.71381420013495,0.16242539999075234,0.6226975000463426,0.623,230.9251176000107,230.925,0.0008677998557686806,231.71305809984915,232.25931710004807
vv_0p00250_wtip_0p30328,7,25,0.0025,0.3032775,13.5,vv_0p00250_wtip_0p30328,C:\Users\mtkbirdman\OneDrive\Documents\OpenVSP\examples\models\SampleGlider\SampleGlider.0G.vsp3,vv_0p00250_wtip_0p30328\vv_0p00250_wtip_0p30328.vsp3,vv_0p00250_wtip_0p30328\vv_0p00250_wtip_0p30328.stab,True,True,C:\Users\mtkbirdman\OneDrive\Documents\OpenVSP\examples\models\SampleGlider\SampleGlider.0G.vsp3,vv_0p00250_wtip_0p30328\vv_0p00250_wtip_0p30328_vtail.vsp3,VTailGeom,vspaero_reference_wing,0.0025,0.0024999999999999996,1.4,4.514999999999999,4.514999999999999,18.0,27.0,9.0,13.5,fixed_aspect_ratio,0.6727574750830565,0.8202179436485504,0.8202179436485504,0.8202179436485504,0.4,0.26910299003322263,0.26910299003322263,0.8,0.6561743549188404,1.6000000000000003,1.6000000000000003,5.914999999999999,5.914999999999999,5.874549037320923,5.914999999999999,0.040450962679075886,5.6899999999999995,5.6899999999999995,5.730450962679075,vv_0p00250_wtip_0p30328\vv_0p00250_wtip_0p30328_deflection.csv,4,239.5660949999001,0.16853800020180643,0.2983746000099927,0.298,239.09577949997038,239.095,0.0008300000336021185,239.56529280007817,240.0468738998752
vv_0p00250_wtip_0p43348,8,25,0.0025,0.4334845,13.5,vv_0p00250_wtip_0p43348,C:\Users\mtkbirdman\OneDrive\Documents\OpenVSP\examples\models\SampleGlider\SampleGlider.0G.vsp3,vv_0p00250_wtip_0p43348\vv_0p00250_wtip_0p43348.vsp3,vv_0p00250_wtip_0p43348\vv_0p00250_wtip_0p43348.stab,True,True,C:\Users\mtkbirdman\OneDrive\Documents\OpenVSP\examples\models\SampleGlider\SampleGlider.0G.vsp3,vv_0p00250_wtip_0p43348\vv_0p00250_wtip_0p43348_vtail.vsp3,VTailGeom,vspaero_reference_wing,0.0025,0.0024999999999999996,1.4,4.514999999999999,4.514999999999999,18.0,27.0,9.0,13.5,fixed_aspect_ratio,0.6727574750830565,0.8202179436485504,0.8202179436485504,0.8202179436485504,0.4,0.26910299003322263,0.26910299003322263,0.8,0.6561743549188404,1.6000000000000003,1.6000000000000003,5.914999999999999,5.914999999999999,5.874549037320923,5.914999999999999,0.040450962679075886,5.6899999999999995,5.6899999999999995,5.730450962679075,vv_0p00250_wtip_0p43348\vv_0p00250_wtip_0p43348_deflection.csv,4,226.99024929990992,0.19568849983625114,0.3122721000108868,0.312,226.47800010000356,226.478,0.0008350000716745853,226.98932689987123,227.47708530002274
vv_0p00250_wtip_0p56369,9,25,0.0025,0.5636914999999999,13.5,vv_0p00250_wtip_0p56369,C:\Users\mtkbirdman\OneDrive\Documents\OpenVSP\examples\models\SampleGlider\SampleGlider.0G.vsp3,vv_0p00250_wtip_0p56369\vv_0p00250_wtip_0p56369.vsp3,vv_0p00250_wtip_0p56369\vv_0p00250_wtip_0p56369.stab,True,True,C:\Users\mtkbirdman\OneDrive\Documents\OpenVSP\examples\models\SampleGlider\SampleGlider.0G.vsp3,vv_0p00250_wtip_0p56369\vv_0p00250_wtip_0p56369_vtail.vsp3,VTailGeom,vspaero_reference_wing,0.0025,0.0024999999999999996,1.4,4.514999999999999,4.514999999999999,18.0,27.0,9.0,13.5,fixed_aspect_ratio,0.6727574750830565,0.8202179436485504,0.8202179436485504,0.8202179436485504,0.4,0.26910299003322263,0.26910299003322263,0.8,0.6561743549188404,1.6000000000000003,1.6000000000000003,5.914999999999999,5.914999999999999,5.874549037320923,5.914999999999999,0.040450962679075886,5.6899999999999995,5.6899999999999995,5.730450962679075,vv_0p00250_wtip_0p56369\vv_0p00250_wtip_0p56369_deflection.csv,4,228.8011048999615,0.1571415001526475,0.3224818001035601,0.322,228.3173949001357,228.317,0.0009284000843763351,228.80027240002528,229.26186429988593
vv_0p00250_wtip_0p69390,10,25,0.0025,0.6938984999999999,13.5,vv_0p00250_wtip_0p69390,C:\Users\mtkbirdman\OneDrive\Documents\OpenVSP\examples\models\SampleGlider\SampleGlider.0G.vsp3,vv_0p00250_wtip_0p69390\vv_0p00250_wtip_0p69390.vsp3,vv_0p00250_wtip_0p69390\vv_0p00250_wtip_0p69390.stab,True,True,C:\Users\mtkbirdman\OneDrive\Documents\OpenVSP\examples\models\SampleGlider\SampleGlider.0G.vsp3,vv_0p00250_wtip_0p69390\vv_0p00250_wtip_0p69390_vtail.vsp3,VTailGeom,vspaero_reference_wing,0.0025,0.0024999999999999996,1.4,4.514999999999999,4.514999999999999,18.0,27.0,9.0,13.5,fixed_aspect_ratio,0.6727574750830565,0.8202179436485504,0.8202179436485504,0.8202179436485504,0.4,0.26910299003322263,0.26910299003322263,0.8,0.6561743549188404,1.6000000000000003,1.6000000000000003,5.914999999999999,5.914999999999999,5.874549037320923,5.914999999999999,0.040450962679075886,5.6899999999999995,5.6899999999999995,5.730450962679075,vv_0p00250_wtip_0p69390\vv_0p00250_wtip_0p69390_deflection.csv,4,236.9444579000119,0.1750450001563877,0.330983699997887,0.331,236.43495749984868,236.434,0.0008088999893516302,236.94372750003822,237.43787600006908
vv_0p00350_wtip_0p17307,11,25,0.0035,0.1730705,13.5,vv_0p00350_wtip_0p17307,C:\Users\mtkbirdman\OneDrive\Documents\OpenVSP\examples\models\SampleGlider\SampleGlider.0G.vsp3,vv_0p00350_wtip_0p17307\vv_0p00350_wtip_0p17307.vsp3,vv_0p00350_wtip_0p17307\vv_0p00350_wtip_0p17307.stab,True,True,C:\Users\mtkbirdman\OneDrive\Documents\OpenVSP\examples\models\SampleGlider\SampleGlider.0G.vsp3,vv_0p00350_wtip_0p17307\vv_0p00350_wtip_0p17307_vtail.vsp3,VTailGeom,vspaero_reference_wing,0.0035,0.0035,1.4,4.514999999999999,4.514999999999999,18.0,27.0,9.0,13.5,fixed_aspect_ratio,0.9418604651162793,0.9704949588309458,0.9704949588309458,0.9704949588309458,0.4,0.3767441860465117,0.3767441860465117,0.8,0.7763959670647567,1.6000000000000003,1.5999999999999999,5.914999999999999,5.914999999999999,5.908361365736963,5.914999999999999,0.006638634263036458,5.6899999999999995,5.6899999999999995,5.696638634263036,vv_0p00350_wtip_0p17307\vv_0p00350_wtip_0p17307_deflection.csv,4,234.8361552997958,0.16018410003744066,0.6494574001990259,0.649,234.02277100016363,234.022,0.0008499000687152147,234.83528540004045,235.31505829980597
vv_0p00350_wtip_0p30328,12,25,0.0035,0.3032775,13.5,vv_0p00350_wtip_0p30328,C:\Users\mtkbirdman\OneDrive\Documents\OpenVSP\examples\models\SampleGlider\SampleGlider.0G.vsp3,vv_0p00350_wtip_0p30328\vv_0p00350_wtip_0p30328.vsp3,vv_0p00350_wtip_0p30328\vv_0p00350_wtip_0p30328.stab,True,True,C:\Users\mtkbirdman\OneDrive\Documents\OpenVSP\examples\models\SampleGlider\SampleGlider.0G.vsp3,vv_0p00350_wtip_0p30328\vv_0p00350_wtip_0p30328_vtail.vsp3,VTailGeom,vspaero_reference_wing,0.0035,0.0035,1.4,4.514999999999999,4.514999999999999,18.0,27.0,9.0,13.5,fixed_aspect_ratio,0.9418604651162793,0.9704949588309458,0.9704949588309458,0.9704949588309458,0.4,0.3767441860465117,0.3767441860465117,0.8,0.7763959670647567,1.6000000000000003,1.5999999999999999,5.914999999999999,5.914999999999999,5.908361365736963,5.914999999999999,0.006638634263036458,5.6899999999999995,5.6899999999999995,5.696638634263036,vv_0p00350_wtip_0p30328\vv_0p00350_wtip_0p30328_deflection.csv,4,232.42184590012766,0.16981759993359447,0.30311010009609163,0.302,231.94510439992882,231.944,0.000857100123539567,232.42099849996157,232.94202870014124
vv_0p00350_wtip_0p43348,13,25,0.0035,0.4334845,13.5,vv_0p00350_wtip_0p43348,C:\Users\mtkbirdman\OneDrive\Documents\OpenVSP\examples\models\SampleGlider\SampleGlider.0G.vsp3,vv_0p00350_wtip_0p43348\vv_0p00350_wtip_0p43348.vsp3,vv_0p00350_wtip_0p43348\vv_0p00350_wtip_0p43348.stab,True,True,C:\Users\mtkbirdman\OneDrive\Documents\OpenVSP\examples\models\SampleGlider\SampleGlider.0G.vsp3,vv_0p00350_wtip_0p43348\vv_0p00350_wtip_0p43348_vtail.vsp3,VTailGeom,vspaero_reference_wing,0.0035,0.0035,1.4,4.514999999999999,4.514999999999999,18.0,27.0,9.0,13.5,fixed_aspect_ratio,0.9418604651162793,0.9704949588309458,0.9704949588309458,0.9704949588309458,0.4,0.3767441860465117,0.3767441860465117,0.8,0.7763959670647567,1.6000000000000003,1.5999999999999999,5.914999999999999,5.914999999999999,5.908361365736963,5.914999999999999,0.006638634263036458,5.6899999999999995,5.6899999999999995,5.696638634263036,vv_0p00350_wtip_0p43348\vv_0p00350_wtip_0p43348_deflection.csv,4,219.08234099997208,0.15179409994743764,0.27246330003254116,0.272,218.65445779985748,218.654,0.000924200052395463,219.08152450015768,219.54994160006754
vv_0p00350_wtip_0p56369,14,25,0.0035,0.5636914999999999,13.5,vv_0p00350_wtip_0p56369,C:\Users\mtkbirdman\OneDrive\Documents\OpenVSP\examples\models\SampleGlider\SampleGlider.0G.vsp3,vv_0p00350_wtip_0p56369\vv_0p00350_wtip_0p56369.vsp3,vv_0p00350_wtip_0p56369\vv_0p00350_wtip_0p56369.stab,True,True,C:\Users\mtkbirdman\OneDrive\Documents\OpenVSP\examples\models\SampleGlider\SampleGlider.0G.vsp3,vv_0p00350_wtip_0p56369\vv_0p00350_wtip_0p56369_vtail.vsp3,VTailGeom,vspaero_reference_wing,0.0035,0.0035,1.4,4.514999999999999,4.514999999999999,18.0,27.0,9.0,13.5,fixed_aspect_ratio,0.9418604651162793,0.9704949588309458,0.9704949588309458,0.9704949588309458,0.4,0.3767441860465117,0.3767441860465117,0.8,0.7763959670647567,1.6000000000000003,1.5999999999999999,5.914999999999999,5.914999999999999,5.908361365736963,5.914999999999999,0.006638634263036458,5.6899999999999995,5.6899999999999995,5.696638634263036,vv_0p00350_wtip_0p56369\vv_0p00350_wtip_0p56369_deflection.csv,4,213.60693509993143,0.1528272998984903,0.327999799977988,0.328,213.12214770005085,213.122,0.0008251001127064228,213.60600470006466,214.05938289989717
vv_0p00350_wtip_0p69390,15,25,0.0035,0.6938984999999999,13.5,vv_0p00350_wtip_0p69390,C:\Users\mtkbirdman\OneDrive\Documents\OpenVSP\examples\models\SampleGlider\SampleGlider.0G.vsp3,vv_0p00350_wtip_0p69390\vv_0p00350_wtip_0p69390.vsp3,vv_0p00350_wtip_0p69390\vv_0p00350_wtip_0p69390.stab,True,True,C:\Users\mtkbirdman\OneDrive\Documents\OpenVSP\examples\models\SampleGlider\SampleGlider.0G.vsp3,vv_0p00350_wtip_0p69390\vv_0p00350_wtip_0p69390_vtail.vsp3,VTailGeom,vspaero_reference_wing,0.0035,0.0035,1.4,4.514999999999999,4.514999999999999,18.0,27.0,9.0,13.5,fixed_aspect_ratio,0.9418604651162793,0.9704949588309458,0.9704949588309458,0.9704949588309458,0.4,0.3767441860465117,0.3767441860465117,0.8,0.7763959670647567,1.6000000000000003,1.5999999999999999,5.914999999999999,5.914999999999999,5.908361365736963,5.914999999999999,0.006638634263036458,5.6899999999999995,5.6899999999999995,5.696638634263036,vv_0p00350_wtip_0p69390\vv_0p00350_wtip_0p69390_deflection.csv,4,227.48076399997808,0.1596995999570936,0.3268453001510352,0.327,226.99026219989173,226.99,0.0008580000139772892,227.4798236999195,227.928119600052
vv_0p00450_wtip_0p17307,16,25,0.0045000000000000005,0.1730705,13.5,vv_0p00450_wtip_0p17307,C:\Users\mtkbirdman\OneDrive\Documents\OpenVSP\examples\models\SampleGlider\SampleGlider.0G.vsp3,vv_0p00450_wtip_0p17307\vv_0p00450_wtip_0p17307.vsp3,vv_0p00450_wtip_0p17307\vv_0p00450_wtip_0p17307.stab,True,True,C:\Users\mtkbirdman\OneDrive\Documents\OpenVSP\examples\models\SampleGlider\SampleGlider.0G.vsp3,vv_0p00450_wtip_0p17307\vv_0p00450_wtip_0p17307_vtail.vsp3,VTailGeom,vspaero_reference_wing,0.0045000000000000005,0.0045000000000000005,1.4,4.514999999999999,4.514999999999999,18.0,27.0,9.0,13.5,fixed_aspect_ratio,1.210963455149502,1.1004378470179503,1.1004378470179503,1.1004378470179503,0.4,0.48438538205980086,0.4843853820598008,0.8,0.8803502776143604,1.6000000000000003,1.6,5.914999999999999,5.914999999999999,5.9375985155790385,5.914999999999999,-0.022598515579039358,5.6899999999999995,5.6899999999999995,5.66740148442096,vv_0p00450_wtip_0p17307\vv_0p00450_wtip_0p17307_deflection.csv,4,223.63320720009506,0.16639279993250966,0.3033950000535697,0.303,223.15954660018906,223.16,0.0008666000794619322,223.63237639982253,224.081755500054
vv_0p00450_wtip_0p30328,17,25,0.0045000000000000005,0.3032775,13.5,vv_0p00450_wtip_0p30328,C:\Users\mtkbirdman\OneDrive\Documents\OpenVSP\examples\models\SampleGlider\SampleGlider.0G.vsp3,vv_0p00450_wtip_0p30328\vv_0p00450_wtip_0p30328.vsp3,vv_0p00450_wtip_0p30328\vv_0p00450_wtip_0p30328.stab,True,True,C:\Users\mtkbirdman\OneDrive\Documents\OpenVSP\examples\models\SampleGlider\SampleGlider.0G.vsp3,vv_0p00450_wtip_0p30328\vv_0p00450_wtip_0p30328_vtail.vsp3,VTailGeom,vspaero_reference_wing,0.0045000000000000005,0.0045000000000000005,1.4,4.514999999999999,4.514999999999999,18.0,27.0,9.0,13.5,fixed_aspect_ratio,1.210963455149502,1.1004378470179503,1.1004378470179503,1.1004378470179503,0.4,0.48438538205980086,0.4843853820598008,0.8,0.8803502776143604,1.6000000000000003,1.6,5.914999999999999,5.914999999999999,5.9375985155790385,5.914999999999999,-0.022598515579039358,5.6899999999999995,5.6899999999999995,5.66740148442096,vv_0p00450_wtip_0p30328\vv_0p00450_wtip_0p30328_deflection.csv,4,224.57717200019397,0.15570069989189506,0.3201850999612361,0.32,224.09770239982754,224.097,0.0008424001280218363,224.5764451001305,225.03370340005495
vv_0p00450_wtip_0p43348,18,25,0.0045000000000000005,0.4334845,13.5,vv_0p00450_wtip_0p43348,C:\Users\mtkbirdman\OneDrive\Documents\OpenVSP\examples\models\SampleGlider\SampleGlider.0G.vsp3,vv_0p00450_wtip_0p43348\vv_0p00450_wtip_0p43348.vsp3,vv_0p00450_wtip_0p43348\vv_0p00450_wtip_0p43348.stab,True,True,C:\Users\mtkbirdman\OneDrive\Documents\OpenVSP\examples\models\SampleGlider\SampleGlider.0G.vsp3,vv_0p00450_wtip_0p43348\vv_0p00450_wtip_0p43348_vtail.vsp3,VTailGeom,vspaero_reference_wing,0.0045000000000000005,0.0045000000000000005,1.4,4.514999999999999,4.514999999999999,18.0,27.0,9.0,13.5,fixed_aspect_ratio,1.210963455149502,1.1004378470179503,1.1004378470179503,1.1004378470179503,0.4,0.48438538205980086,0.4843853820598008,0.8,0.8803502776143604,1.6000000000000003,1.6,5.914999999999999,5.914999999999999,5.9375985155790385,5.914999999999999,-0.022598515579039358,5.6899999999999995,5.6899999999999995,5.66740148442096,vv_0p00450_wtip_0p43348\vv_0p00450_wtip_0p43348_deflection.csv,4,229.11822790000588,0.15801190002821386,0.2772138000000268,0.278,228.67927289986983,228.68,0.001097699860110879,229.11747639998794,229.58569489978254
vv_0p00450_wtip_0p56369,19,25,0.0045000000000000005,0.5636914999999999,13.5,vv_0p00450_wtip_0p56369,C:\Users\mtkbirdman\OneDrive\Documents\OpenVSP\examples\models\SampleGlider\SampleGlider.0G.vsp3,vv_0p00450_wtip_0p56369\vv_0p00450_wtip_0p56369.vsp3,vv_0p00450_wtip_0p56369\vv_0p00450_wtip_0p56369.stab,True,True,C:\Users\mtkbirdman\OneDrive\Documents\OpenVSP\examples\models\SampleGlider\SampleGlider.0G.vsp3,vv_0p00450_wtip_0p56369\vv_0p00450_wtip_0p56369_vtail.vsp3,VTailGeom,vspaero_reference_wing,0.0045000000000000005,0.0045000000000000005,1.4,4.514999999999999,4.514999999999999,18.0,27.0,9.0,13.5,fixed_aspect_ratio,1.210963455149502,1.1004378470179503,1.1004378470179503,1.1004378470179503,0.4,0.48438538205980086,0.4843853820598008,0.8,0.8803502776143604,1.6000000000000003,1.6,5.914999999999999,5.914999999999999,5.9375985155790385,5.914999999999999,-0.022598515579039358,5.6899999999999995,5.6899999999999995,5.66740148442096,vv_0p00450_wtip_0p56369\vv_0p00450_wtip_0p56369_deflection.csv,4,227.47832170012407,0.1604041000828147,0.2826119000092149,0.282,227.03163400013,227.032,0.0011708999518305063,227.47759159980342,227.9440883998759
vv_0p00450_wtip_0p69390,20,25,0.0045000000000000005,0.6938984999999999,13.5,vv_0p00450_wtip_0p69390,C:\Users\mtkbirdman\OneDrive\Documents\OpenVSP\examples\models\SampleGlider\SampleGlider.0G.vsp3,vv_0p00450_wtip_0p69390\vv_0p00450_wtip_0p69390.vsp3,vv_0p00450_wtip_0p69390\vv_0p00450_wtip_0p69390.stab,True,True,C:\Users\mtkbirdman\OneDrive\Documents\OpenVSP\examples\models\SampleGlider\SampleGlider.0G.vsp3,vv_0p00450_wtip_0p69390\vv_0p00450_wtip_0p69390_vtail.vsp3,VTailGeom,vspaero_reference_wing,0.0045000000000000005,0.0045000000000000005,1.4,4.514999999999999,4.514999999999999,18.0,27.0,9.0,13.5,fixed_aspect_ratio,1.210963455149502,1.1004378470179503,1.1004378470179503,1.1004378470179503,0.4,0.48438538205980086,0.4843853820598008,0.8,0.8803502776143604,1.6000000000000003,1.6,5.914999999999999,5.914999999999999,5.9375985155790385,5.914999999999999,-0.022598515579039358,5.6899999999999995,5.6899999999999995,5.66740148442096,vv_0p00450_wtip_0p69390\vv_0p00450_wtip_0p69390_deflection.csv,4,217.17679250007495,0.15719539998099208,0.31227870006114244,0.312,216.70393799990416,216.704,0.0008018999360501766,217.17603029985912,217.65065060020424
vv_0p00550_wtip_0p17307,21,25,0.0055,0.1730705,13.5,vv_0p00550_wtip_0p17307,C:\Users\mtkbirdman\OneDrive\Documents\OpenVSP\examples\models\SampleGlider\SampleGlider.0G.vsp3,vv_0p00550_wtip_0p17307\vv_0p00550_wtip_0p17307.vsp3,vv_0p00550_wtip_0p17307\vv_0p00550_wtip_0p17307.stab,True,True,C:\Users\mtkbirdman\OneDrive\Documents\OpenVSP\examples\models\SampleGlider\SampleGlider.0G.vsp3,vv_0p00550_wtip_0p17307\vv_0p00550_wtip_0p17307_vtail.vsp3,VTailGeom,vspaero_reference_wing,0.0055,0.0055,1.4,4.514999999999999,4.514999999999999,18.0,27.0,9.0,13.5,fixed_aspect_ratio,1.4800664451827243,1.216579814555019,1.216579814555019,1.216579814555019,0.4,0.5920265780730898,0.5920265780730899,0.8,0.9732638516440153,1.6000000000000003,1.6,5.914999999999999,5.914999999999999,5.963730458274879,5.914999999999999,-0.048730458274880206,5.6899999999999995,5.6899999999999995,5.641269541725119,vv_0p00550_wtip_0p17307\vv_0p00550_wtip_0p17307_deflection.csv,4,211.35725730005652,0.18112129997462034,0.3107803000602871,0.31,210.86177149997093,210.861,0.0008706001099199057,211.35645469999872,211.8107808001805
vv_0p00550_wtip_0p30328,22,25,0.0055,0.3032775,13.5,vv_0p00550_wtip_0p30328,C:\Users\mtkbirdman\OneDrive\Documents\OpenVSP\examples\models\SampleGlider\SampleGlider.0G.vsp3,vv_0p00550_wtip_0p30328\vv_0p00550_wtip_0p30328.vsp3,vv_0p00550_wtip_0p30328\vv_0p00550_wtip_0p30328.stab,True,True,C:\Users\mtkbirdman\OneDrive\Documents\OpenVSP\examples\models\SampleGlider\SampleGlider.0G.vsp3,vv_0p00550_wtip_0p30328\vv_0p00550_wtip_0p30328_vtail.vsp3,VTailGeom,vspaero_reference_wing,0.0055,0.0055,1.4,4.514999999999999,4.514999999999999,18.0,27.0,9.0,13.5,fixed_aspect_ratio,1.4800664451827243,1.216579814555019,1.216579814555019,1.216579814555019,0.4,0.5920265780730898,0.5920265780730899,0.8,0.9732638516440153,1.6000000000000003,1.6,5.914999999999999,5.914999999999999,5.963730458274879,5.914999999999999,-0.048730458274880206,5.6899999999999995,5.6899999999999995,5.641269541725119,vv_0p00550_wtip_0p30328\vv_0p00550_wtip_0p30328_deflection.csv,4,214.42572699999437,0.15337989991530776,0.3003569000866264,0.3,213.96836689999327,213.968,0.0008540998678654432,214.42492770007811,214.8743600999005
vv_0p00550_wtip_0p43348,23,25,0.0055,0.4334845,13.5,vv_0p00550_wtip_0p43348,C:\Users\mtkbirdman\OneDrive\Documents\OpenVSP\examples\models\SampleGlider\SampleGlider.0G.vsp3,vv_0p00550_wtip_0p43348\vv_0p00550_wtip_0p43348.vsp3,vv_0p00550_wtip_0p43348\vv_0p00550_wtip_0p43348.stab,True,True,C:\Users\mtkbirdman\OneDrive\Documents\OpenVSP\examples\models\SampleGlider\SampleGlider.0G.vsp3,vv_0p00550_wtip_0p43348\vv_0p00550_wtip_0p43348_vtail.vsp3,VTailGeom,vspaero_reference_wing,0.0055,0.0055,1.4,4.514999999999999,4.514999999999999,18.0,27.0,9.0,13.5,fixed_aspect_ratio,1.4800664451827243,1.216579814555019,1.216579814555019,1.216579814555019,0.4,0.5920265780730898,0.5920265780730899,0.8,0.9732638516440153,1.6000000000000003,1.6,5.914999999999999,5.914999999999999,5.963730458274879,5.914999999999999,-0.048730458274880206,5.6899999999999995,5.6899999999999995,5.641269541725119,vv_0p00550_wtip_0p43348\vv_0p00550_wtip_0p43348_deflection.csv,4,218.05266800010577,0.15163009986281395,0.2822724999859929,0.282,217.61534320004284,217.615,0.0007660000119358301,218.05186700006016,218.50650749984197
vv_0p00550_wtip_0p56369,24,25,0.0055,0.5636914999999999,13.5,vv_0p00550_wtip_0p56369,C:\Users\mtkbirdman\OneDrive\Documents\OpenVSP\examples\models\SampleGlider\SampleGlider.0G.vsp3,vv_0p00550_wtip_0p56369\vv_0p00550_wtip_0p56369.vsp3,vv_0p00550_wtip_0p56369\vv_0p00550_wtip_0p56369.stab,True,True,C:\Users\mtkbirdman\OneDrive\Documents\OpenVSP\examples\models\SampleGlider\SampleGlider.0G.vsp3,vv_0p00550_wtip_0p56369\vv_0p00550_wtip_0p56369_vtail.vsp3,VTailGeom,vspaero_reference_wing,0.0055,0.0055,1.4,4.514999999999999,4.514999999999999,18.0,27.0,9.0,13.5,fixed_aspect_ratio,1.4800664451827243,1.216579814555019,1.216579814555019,1.216579814555019,0.4,0.5920265780730898,0.5920265780730899,0.8,0.9732638516440153,1.6000000000000003,1.6,5.914999999999999,5.914999999999999,5.963730458274879,5.914999999999999,-0.048730458274880206,5.6899999999999995,5.6899999999999995,5.641269541725119,vv_0p00550_wtip_0p56369\vv_0p00550_wtip_0p56369_deflection.csv,4,214.78668699995615,0.15442420006729662,0.27994919987395406,0.28,214.3485771000851,214.348,0.0007883000653237104,214.7857723000925,215.23204290005378
vv_0p00550_wtip_0p69390,25,25,0.0055,0.6938984999999999,13.5,vv_0p00550_wtip_0p69390,C:\Users\mtkbirdman\OneDrive\Documents\OpenVSP\examples\models\SampleGlider\SampleGlider.0G.vsp3,vv_0p00550_wtip_0p69390\vv_0p00550_wtip_0p69390.vsp3,vv_0p00550_wtip_0p69390\vv_0p00550_wtip_0p69390.stab,True,True,C:\Users\mtkbirdman\OneDrive\Documents\OpenVSP\examples\models\SampleGlider\SampleGlider.0G.vsp3,vv_0p00550_wtip_0p69390\vv_0p00550_wtip_0p69390_vtail.vsp3,VTailGeom,vspaero_reference_wing,0.0055,0.0055,1.4,4.514999999999999,4.514999999999999,18.0,27.0,9.0,13.5,fixed_aspect_ratio,1.4800664451827243,1.216579814555019,1.216579814555019,1.216579814555019,0.4,0.5920265780730898,0.5920265780730899,0.8,0.9732638516440153,1.6000000000000003,1.6,5.914999999999999,5.914999999999999,5.963730458274879,5.914999999999999,-0.048730458274880206,5.6899999999999995,5.6899999999999995,5.641269541725119,vv_0p00550_wtip_0p69390\vv_0p00550_wtip_0p69390_deflection.csv,4,219.97290630009957,0.16362740006297827,0.30210359999909997,0.302,219.50328959990293,219.503,0.0009717999491840601,219.9721265998669,220.42940780008212
